user_id,activity_date,activity_type,is_retained,days_to_next_action,Id,Reputation,account_age_days,user_post_count,user_comment_count,user_vote_count
-1,2014-05-14 02:49:14.580,post,1,0,-1,1,4070.0,163.0,216.0,8.0
-1,2014-05-14 18:45:23.917,post,1,2,-1,1,4070.0,163.0,216.0,8.0
-1,2014-05-16 20:24:38.980,post,1,1,-1,1,4070.0,163.0,216.0,8.0
-1,2014-05-18 14:36:16.350,post,0,7,-1,1,4070.0,163.0,216.0,8.0
-1,2014-12-31 15:34:17.397,post,0,7,-1,1,4070.0,163.0,216.0,8.0
-1,2015-01-19 19:11:09.507,post,0,7,-1,1,4070.0,163.0,216.0,8.0
-1,2015-01-19 19:11:09.507,post,0,7,-1,1,4070.0,163.0,216.0,8.0
-1,2015-07-12 19:59:56.350,post,0,7,-1,1,4070.0,163.0,216.0,8.0
-1,2015-07-12 19:59:56.350,post,0,7,-1,1,4070.0,163.0,216.0,8.0
-1,2015-07-28 17:54:44.533,post,1,1,-1,1,4070.0,163.0,216.0,8.0
-1,2015-07-30 17:48:36.430,post,0,7,-1,1,4070.0,163.0,216.0,8.0
-1,2015-08-12 23:15:20.783,post,0,7,-1,1,4070.0,163.0,216.0,8.0
-1,2015-09-02 09:01:54.150,post,0,7,-1,1,4070.0,163.0,216.0,8.0
-1,2015-10-02 06:35:51.567,post,0,7,-1,1,4070.0,163.0,216.0,8.0
-1,2015-10-19 04:07:31.743,post,1,4,-1,1,4070.0,163.0,216.0,8.0
-1,2015-10-23 15:32:52.940,post,0,7,-1,1,4070.0,163.0,216.0,8.0
-1,2015-10-31 16:59:23.013,post,0,7,-1,1,4070.0,163.0,216.0,8.0
-1,2015-11-20 11:11:34.763,post,1,0,-1,1,4070.0,163.0,216.0,8.0
-1,2015-11-21 06:22:47.047,post,1,0,-1,1,4070.0,163.0,216.0,8.0
-1,2015-11-21 06:25:13.837,post,1,0,-1,1,4070.0,163.0,216.0,8.0
-1,2015-11-22 05:41:54.860,post,1,0,-1,1,4070.0,163.0,216.0,8.0
-1,2015-11-22 05:42:25.853,post,1,1,-1,1,4070.0,163.0,216.0,8.0
-1,2015-11-23 10:58:13.177,post,1,0,-1,1,4070.0,163.0,216.0,8.0
-1,2015-11-23 10:59:40.870,post,1,2,-1,1,4070.0,163.0,216.0,8.0
-1,2015-11-26 09:54:27.533,post,1,0,-1,1,4070.0,163.0,216.0,8.0
-1,2015-11-26 09:59:25.590,post,1,0,-1,1,4070.0,163.0,216.0,8.0
-1,2015-11-26 09:59:25.590,post,1,0,-1,1,4070.0,163.0,216.0,8.0
-1,2015-11-26 10:00:06.537,post,1,0,-1,1,4070.0,163.0,216.0,8.0
-1,2015-11-26 10:00:43.780,post,1,0,-1,1,4070.0,163.0,216.0,8.0
-1,2015-11-26 10:01:14.917,post,1,2,-1,1,4070.0,163.0,216.0,8.0
-1,2015-11-28 14:59:51.690,post,1,0,-1,1,4070.0,163.0,216.0,8.0
-1,2015-11-28 15:01:23.757,post,1,0,-1,1,4070.0,163.0,216.0,8.0
-1,2015-11-28 15:02:56.000,post,1,0,-1,1,4070.0,163.0,216.0,8.0
-1,2015-11-28 15:12:29.987,post,1,5,-1,1,4070.0,163.0,216.0,8.0
-1,2015-12-04 12:17:25.853,post,1,3,-1,1,4070.0,163.0,216.0,8.0
-1,2015-12-07 18:36:03.537,post,0,7,-1,1,4070.0,163.0,216.0,8.0
-1,2016-01-07 11:23:52.943,post,1,0,-1,1,4070.0,163.0,216.0,8.0
-1,2016-01-07 11:24:42.380,post,0,7,-1,1,4070.0,163.0,216.0,8.0
-1,2016-01-29 06:50:57.143,post,1,0,-1,1,4070.0,163.0,216.0,8.0
-1,2016-01-29 06:51:48.630,post,1,0,-1,1,4070.0,163.0,216.0,8.0
-1,2016-01-29 06:52:59.090,post,0,7,-1,1,4070.0,163.0,216.0,8.0
-1,2016-02-08 05:49:06.980,post,1,5,-1,1,4070.0,163.0,216.0,8.0
-1,2016-02-14 02:46:41.803,post,0,7,-1,1,4070.0,163.0,216.0,8.0
-1,2016-03-08 06:51:38.410,post,0,7,-1,1,4070.0,163.0,216.0,8.0
-1,2016-04-21 14:24:50.217,post,0,7,-1,1,4070.0,163.0,216.0,8.0
-1,2016-07-04 06:39:27.880,post,1,0,-1,1,4070.0,163.0,216.0,8.0
-1,2016-07-04 06:41:50.337,post,1,0,-1,1,4070.0,163.0,216.0,8.0
-1,2016-07-04 06:43:34.233,post,0,7,-1,1,4070.0,163.0,216.0,8.0
-1,2016-07-12 08:11:44.097,post,0,7,-1,1,4070.0,163.0,216.0,8.0
-1,2016-08-12 00:43:12.410,post,0,7,-1,1,4070.0,163.0,216.0,8.0
-1,2017-02-15 05:49:11.733,post,0,7,-1,1,4070.0,163.0,216.0,8.0
-1,2017-03-08 16:31:14.750,post,1,6,-1,1,4070.0,163.0,216.0,8.0
-1,2017-03-15 08:49:06.893,post,0,7,-1,1,4070.0,163.0,216.0,8.0
-1,2017-05-10 23:23:42.330,post,0,7,-1,1,4070.0,163.0,216.0,8.0
-1,2017-07-31 02:16:32.240,post,1,0,-1,1,4070.0,163.0,216.0,8.0
-1,2017-07-31 20:01:36.930,post,1,0,-1,1,4070.0,163.0,216.0,8.0
-1,2017-07-31 22:31:31.130,post,0,7,-1,1,4070.0,163.0,216.0,8.0
-1,2017-11-03 12:41:17.537,post,0,7,-1,1,4070.0,163.0,216.0,8.0
-1,2017-11-03 12:41:17.537,post,0,7,-1,1,4070.0,163.0,216.0,8.0
-1,2017-12-10 13:44:04.640,post,1,0,-1,1,4070.0,163.0,216.0,8.0
-1,2017-12-10 15:02:42.347,post,1,0,-1,1,4070.0,163.0,216.0,8.0
-1,2017-12-11 09:36:55.757,post,0,7,-1,1,4070.0,163.0,216.0,8.0
-1,2018-01-21 09:38:13.737,post,0,7,-1,1,4070.0,163.0,216.0,8.0
-1,2018-01-21 09:38:13.737,post,0,7,-1,1,4070.0,163.0,216.0,8.0
-1,2018-03-09 17:14:20.317,post,0,7,-1,1,4070.0,163.0,216.0,8.0
-1,2018-04-09 17:51:52.183,post,0,7,-1,1,4070.0,163.0,216.0,8.0
-1,2018-07-20 14:50:20.923,post,1,3,-1,1,4070.0,163.0,216.0,8.0
-1,2018-07-23 19:04:14.963,post,0,7,-1,1,4070.0,163.0,216.0,8.0
-1,2018-08-11 20:54:07.867,post,1,0,-1,1,4070.0,163.0,216.0,8.0
-1,2018-08-12 16:24:54.043,post,0,7,-1,1,4070.0,163.0,216.0,8.0
-1,2018-12-23 02:30:36.213,post,1,0,-1,1,4070.0,163.0,216.0,8.0
-1,2018-12-23 02:35:36.373,post,0,7,-1,1,4070.0,163.0,216.0,8.0
-1,2019-01-06 19:08:13.847,post,1,0,-1,1,4070.0,163.0,216.0,8.0
-1,2019-01-06 19:10:08.453,post,1,0,-1,1,4070.0,163.0,216.0,8.0
-1,2019-01-06 19:14:20.020,post,0,7,-1,1,4070.0,163.0,216.0,8.0
-1,2019-02-05 15:35:21.210,post,0,7,-1,1,4070.0,163.0,216.0,8.0
-1,2019-02-14 18:43:49.113,post,0,7,-1,1,4070.0,163.0,216.0,8.0
-1,2019-03-15 04:11:37.537,post,0,7,-1,1,4070.0,163.0,216.0,8.0
-1,2019-03-28 14:19:37.870,post,1,4,-1,1,4070.0,163.0,216.0,8.0
-1,2019-04-02 06:20:29.290,post,1,0,-1,1,4070.0,163.0,216.0,8.0
-1,2019-04-02 06:21:26.757,post,1,0,-1,1,4070.0,163.0,216.0,8.0
-1,2019-04-03 06:06:07.110,post,1,0,-1,1,4070.0,163.0,216.0,8.0
-1,2019-04-03 10:14:39.053,post,1,0,-1,1,4070.0,163.0,216.0,8.0
-1,2019-04-03 12:41:18.420,post,1,0,-1,1,4070.0,163.0,216.0,8.0
-1,2019-04-03 16:38:02.863,post,1,0,-1,1,4070.0,163.0,216.0,8.0
-1,2019-04-04 07:03:24.330,post,1,0,-1,1,4070.0,163.0,216.0,8.0
-1,2019-04-04 09:57:59.583,post,1,0,-1,1,4070.0,163.0,216.0,8.0
-1,2019-04-04 15:30:13.900,post,1,0,-1,1,4070.0,163.0,216.0,8.0
-1,2019-04-04 15:40:08.203,post,1,0,-1,1,4070.0,163.0,216.0,8.0
-1,2019-04-05 06:22:36.740,post,1,0,-1,1,4070.0,163.0,216.0,8.0
-1,2019-04-05 08:09:59.543,post,1,1,-1,1,4070.0,163.0,216.0,8.0
-1,2019-04-06 12:14:25.250,post,1,0,-1,1,4070.0,163.0,216.0,8.0
-1,2019-04-07 10:55:26.630,post,1,0,-1,1,4070.0,163.0,216.0,8.0
-1,2019-04-07 11:44:45.687,post,1,0,-1,1,4070.0,163.0,216.0,8.0
-1,2019-04-08 09:45:42.887,post,1,0,-1,1,4070.0,163.0,216.0,8.0
-1,2019-04-08 09:47:52.603,post,1,1,-1,1,4070.0,163.0,216.0,8.0
-1,2019-04-10 06:57:57.157,post,1,0,-1,1,4070.0,163.0,216.0,8.0
-1,2019-04-10 07:01:45.047,post,1,0,-1,1,4070.0,163.0,216.0,8.0
-1,2019-04-10 12:43:48.847,post,1,0,-1,1,4070.0,163.0,216.0,8.0
-1,2019-04-10 12:43:48.847,post,1,0,-1,1,4070.0,163.0,216.0,8.0
-1,2019-04-10 12:44:28.840,post,0,7,-1,1,4070.0,163.0,216.0,8.0
-1,2019-04-10 12:44:28.840,post,0,7,-1,1,4070.0,163.0,216.0,8.0
-1,2019-04-29 10:26:36.790,post,0,7,-1,1,4070.0,163.0,216.0,8.0
-1,2019-08-08 10:24:38.523,post,1,0,-1,1,4070.0,163.0,216.0,8.0
-1,2019-08-08 12:44:31.767,post,1,0,-1,1,4070.0,163.0,216.0,8.0
-1,2019-08-08 19:08:59.190,post,1,0,-1,1,4070.0,163.0,216.0,8.0
-1,2019-08-08 19:09:31.850,post,1,0,-1,1,4070.0,163.0,216.0,8.0
-1,2019-08-09 10:03:56.457,post,1,0,-1,1,4070.0,163.0,216.0,8.0
-1,2019-08-09 10:05:25.810,post,0,7,-1,1,4070.0,163.0,216.0,8.0
-1,2019-08-16 15:06:01.457,post,1,0,-1,1,4070.0,163.0,216.0,8.0
-1,2019-08-16 15:09:42.707,post,0,7,-1,1,4070.0,163.0,216.0,8.0
-1,2019-08-31 17:17:41.917,post,0,7,-1,1,4070.0,163.0,216.0,8.0
-1,2019-08-31 17:17:41.917,post,0,7,-1,1,4070.0,163.0,216.0,8.0
-1,2019-11-26 10:09:04.037,post,0,7,-1,1,4070.0,163.0,216.0,8.0
-1,2020-04-28 21:09:18.080,post,0,7,-1,1,4070.0,163.0,216.0,8.0
-1,2020-08-25 05:14:32.823,post,1,0,-1,1,4070.0,163.0,216.0,8.0
-1,2020-08-25 05:15:54.563,post,1,0,-1,1,4070.0,163.0,216.0,8.0
-1,2020-08-25 07:18:02.970,post,1,0,-1,1,4070.0,163.0,216.0,8.0
-1,2020-08-25 17:34:25.127,post,0,7,-1,1,4070.0,163.0,216.0,8.0
-1,2020-10-02 16:01:18.367,post,1,0,-1,1,4070.0,163.0,216.0,8.0
-1,2020-10-03 05:10:53.357,post,1,4,-1,1,4070.0,163.0,216.0,8.0
-1,2020-10-07 09:23:19.700,post,0,7,-1,1,4070.0,163.0,216.0,8.0
-1,2020-10-07 09:23:19.700,post,0,7,-1,1,4070.0,163.0,216.0,8.0
-1,2020-11-12 04:29:00.043,post,0,7,-1,1,4070.0,163.0,216.0,8.0
-1,2021-01-18 18:20:04.793,post,0,7,-1,1,4070.0,163.0,216.0,8.0
-1,2021-01-31 00:37:40.280,post,1,5,-1,1,4070.0,163.0,216.0,8.0
-1,2021-02-05 22:10:02.397,post,0,7,-1,1,4070.0,163.0,216.0,8.0
-1,2021-02-24 09:12:19.233,post,0,7,-1,1,4070.0,163.0,216.0,8.0
-1,2021-03-03 11:29:42.827,post,0,7,-1,1,4070.0,163.0,216.0,8.0
-1,2021-03-19 12:31:58.560,post,1,0,-1,1,4070.0,163.0,216.0,8.0
-1,2021-03-19 12:33:25.763,post,1,0,-1,1,4070.0,163.0,216.0,8.0
-1,2021-03-19 12:34:21.497,post,0,7,-1,1,4070.0,163.0,216.0,8.0
-1,2021-04-29 16:14:18.527,post,1,0,-1,1,4070.0,163.0,216.0,8.0
-1,2021-04-29 16:14:18.527,post,1,0,-1,1,4070.0,163.0,216.0,8.0
-1,2021-04-29 16:15:19.800,post,1,0,-1,1,4070.0,163.0,216.0,8.0
-1,2021-04-29 16:18:54.100,post,0,7,-1,1,4070.0,163.0,216.0,8.0
-1,2021-04-29 16:18:54.100,post,0,7,-1,1,4070.0,163.0,216.0,8.0
-1,2021-05-15 06:04:07.340,post,0,7,-1,1,4070.0,163.0,216.0,8.0
-1,2021-07-31 02:45:31.413,post,1,0,-1,1,4070.0,163.0,216.0,8.0
-1,2021-07-31 03:15:20.133,post,1,2,-1,1,4070.0,163.0,216.0,8.0
-1,2021-08-02 19:50:44.530,post,1,0,-1,1,4070.0,163.0,216.0,8.0
-1,2021-08-02 19:50:44.530,post,1,0,-1,1,4070.0,163.0,216.0,8.0
-1,2021-08-02 20:04:16.510,post,1,2,-1,1,4070.0,163.0,216.0,8.0
-1,2021-08-05 02:19:56.570,post,0,7,-1,1,4070.0,163.0,216.0,8.0
-1,2021-08-15 06:01:58.460,post,1,3,-1,1,4070.0,163.0,216.0,8.0
-1,2021-08-18 22:48:31.267,post,1,0,-1,1,4070.0,163.0,216.0,8.0
-1,2021-08-18 23:17:34.963,post,1,2,-1,1,4070.0,163.0,216.0,8.0
-1,2021-08-21 19:58:59.580,post,1,1,-1,1,4070.0,163.0,216.0,8.0
-1,2021-08-23 10:47:40.157,post,1,1,-1,1,4070.0,163.0,216.0,8.0
-1,2021-08-23 10:47:40.157,post,1,1,-1,1,4070.0,163.0,216.0,8.0
-1,2021-08-24 17:48:52.833,post,1,1,-1,1,4070.0,163.0,216.0,8.0
-1,2021-08-25 18:53:46.103,post,1,0,-1,1,4070.0,163.0,216.0,8.0
-1,2021-08-25 18:53:46.103,post,1,0,-1,1,4070.0,163.0,216.0,8.0
-1,2021-08-26 15:04:34.887,comment,1,1,-1,1,4070.0,163.0,216.0,8.0
-1,2021-08-27 19:49:57.563,comment,0,7,-1,1,4070.0,163.0,216.0,8.0
-1,2021-09-05 12:55:51.627,comment,1,3,-1,1,4070.0,163.0,216.0,8.0
-1,2021-09-09 10:33:42.143,comment,0,7,-1,1,4070.0,163.0,216.0,8.0
-1,2021-09-20 09:37:00.517,comment,1,1,-1,1,4070.0,163.0,216.0,8.0
-1,2021-09-21 17:58:54.660,comment,1,5,-1,1,4070.0,163.0,216.0,8.0
-1,2021-09-27 04:44:52.313,comment,0,7,-1,1,4070.0,163.0,216.0,8.0
-1,2021-10-04 22:45:48.017,comment,1,0,-1,1,4070.0,163.0,216.0,8.0
-1,2021-10-05 08:07:46.850,post,0,7,-1,1,4070.0,163.0,216.0,8.0
-1,2021-10-16 17:10:03.893,comment,0,7,-1,1,4070.0,163.0,216.0,8.0
-1,2021-10-24 19:05:41.447,post,1,2,-1,1,4070.0,163.0,216.0,8.0
-1,2021-10-27 02:30:18.617,comment,1,0,-1,1,4070.0,163.0,216.0,8.0
-1,2021-10-28 02:27:09.940,comment,1,3,-1,1,4070.0,163.0,216.0,8.0
-1,2021-10-31 04:00:12.620,comment,1,5,-1,1,4070.0,163.0,216.0,8.0
-1,2021-11-05 04:25:56.793,comment,1,0,-1,1,4070.0,163.0,216.0,8.0
-1,2021-11-05 23:21:38.680,comment,1,4,-1,1,4070.0,163.0,216.0,8.0
-1,2021-11-10 03:29:11.827,comment,1,2,-1,1,4070.0,163.0,216.0,8.0
-1,2021-11-12 17:43:11.397,comment,1,2,-1,1,4070.0,163.0,216.0,8.0
-1,2021-11-15 13:51:25.863,comment,1,2,-1,1,4070.0,163.0,216.0,8.0
-1,2021-11-17 14:11:36.493,comment,1,1,-1,1,4070.0,163.0,216.0,8.0
-1,2021-11-18 23:06:59.480,comment,1,2,-1,1,4070.0,163.0,216.0,8.0
-1,2021-11-21 01:27:09.000,comment,1,5,-1,1,4070.0,163.0,216.0,8.0
-1,2021-11-26 13:34:31.417,comment,1,0,-1,1,4070.0,163.0,216.0,8.0
-1,2021-11-26 20:42:39.177,comment,1,2,-1,1,4070.0,163.0,216.0,8.0
-1,2021-11-29 16:16:11.773,comment,1,5,-1,1,4070.0,163.0,216.0,8.0
-1,2021-12-05 15:29:10.027,comment,1,2,-1,1,4070.0,163.0,216.0,8.0
-1,2021-12-08 06:39:11.397,comment,1,4,-1,1,4070.0,163.0,216.0,8.0
-1,2021-12-12 12:03:37.653,comment,0,7,-1,1,4070.0,163.0,216.0,8.0
-1,2021-12-30 03:15:52.233,comment,1,6,-1,1,4070.0,163.0,216.0,8.0
-1,2022-01-05 05:39:08.133,comment,1,4,-1,1,4070.0,163.0,216.0,8.0
-1,2022-01-09 16:20:41.707,comment,1,0,-1,1,4070.0,163.0,216.0,8.0
-1,2022-01-10 13:17:49.793,comment,1,3,-1,1,4070.0,163.0,216.0,8.0
-1,2022-01-14 06:05:20.097,comment,1,0,-1,1,4070.0,163.0,216.0,8.0
-1,2022-01-14 15:21:16.970,comment,1,1,-1,1,4070.0,163.0,216.0,8.0
-1,2022-01-16 13:25:33.880,comment,1,0,-1,1,4070.0,163.0,216.0,8.0
-1,2022-01-17 04:13:37.050,comment,1,1,-1,1,4070.0,163.0,216.0,8.0
-1,2022-01-18 20:33:00.767,comment,1,1,-1,1,4070.0,163.0,216.0,8.0
-1,2022-01-20 09:55:41.963,comment,1,0,-1,1,4070.0,163.0,216.0,8.0
-1,2022-01-20 18:18:55.427,comment,1,3,-1,1,4070.0,163.0,216.0,8.0
-1,2022-01-24 12:30:18.510,comment,1,0,-1,1,4070.0,163.0,216.0,8.0
-1,2022-01-25 06:20:03.167,comment,1,0,-1,1,4070.0,163.0,216.0,8.0
-1,2022-01-25 14:32:15.780,comment,1,4,-1,1,4070.0,163.0,216.0,8.0
-1,2022-01-30 05:11:33.377,comment,1,1,-1,1,4070.0,163.0,216.0,8.0
-1,2022-01-31 18:43:07.953,comment,1,0,-1,1,4070.0,163.0,216.0,8.0
-1,2022-02-01 05:51:43.387,comment,1,2,-1,1,4070.0,163.0,216.0,8.0
-1,2022-02-03 14:37:44.933,comment,1,3,-1,1,4070.0,163.0,216.0,8.0
-1,2022-02-06 17:47:09.917,comment,1,0,-1,1,4070.0,163.0,216.0,8.0
-1,2022-02-07 15:00:22.067,comment,0,7,-1,1,4070.0,163.0,216.0,8.0
-1,2022-02-27 15:12:41.910,comment,0,7,-1,1,4070.0,163.0,216.0,8.0
-1,2022-03-11 22:51:16.293,comment,1,4,-1,1,4070.0,163.0,216.0,8.0
-1,2022-03-16 14:46:42.820,comment,0,7,-1,1,4070.0,163.0,216.0,8.0
-1,2022-03-23 15:09:07.817,comment,0,7,-1,1,4070.0,163.0,216.0,8.0
-1,2022-04-02 23:36:16.753,comment,1,5,-1,1,4070.0,163.0,216.0,8.0
-1,2022-04-08 07:46:09.550,comment,1,0,-1,1,4070.0,163.0,216.0,8.0
-1,2022-04-08 13:48:10.337,comment,1,6,-1,1,4070.0,163.0,216.0,8.0
-1,2022-04-14 19:14:52.840,comment,1,1,-1,1,4070.0,163.0,216.0,8.0
-1,2022-04-16 06:15:10.157,comment,1,0,-1,1,4070.0,163.0,216.0,8.0
-1,2022-04-16 06:40:11.277,comment,1,1,-1,1,4070.0,163.0,216.0,8.0
-1,2022-04-18 04:08:53.273,comment,1,4,-1,1,4070.0,163.0,216.0,8.0
-1,2022-04-22 19:59:37.187,comment,0,7,-1,1,4070.0,163.0,216.0,8.0
-1,2022-05-12 14:50:54.660,comment,1,4,-1,1,4070.0,163.0,216.0,8.0
-1,2022-05-17 05:41:35.267,comment,1,1,-1,1,4070.0,163.0,216.0,8.0
-1,2022-05-18 21:36:48.810,comment,1,1,-1,1,4070.0,163.0,216.0,8.0
-1,2022-05-20 06:05:35.530,comment,1,0,-1,1,4070.0,163.0,216.0,8.0
-1,2022-05-20 16:21:33.413,comment,0,7,-1,1,4070.0,163.0,216.0,8.0
-1,2022-06-11 01:08:49.420,comment,1,0,-1,1,4070.0,163.0,216.0,8.0
-1,2022-06-11 01:10:31.043,comment,1,3,-1,1,4070.0,163.0,216.0,8.0
-1,2022-06-14 01:41:56.970,comment,1,0,-1,1,4070.0,163.0,216.0,8.0
-1,2022-06-14 01:43:20.450,comment,1,0,-1,1,4070.0,163.0,216.0,8.0
-1,2022-06-14 01:44:01.163,comment,1,2,-1,1,4070.0,163.0,216.0,8.0
-1,2022-06-16 17:00:09.803,comment,1,0,-1,1,4070.0,163.0,216.0,8.0
-1,2022-06-16 19:02:09.967,comment,1,0,-1,1,4070.0,163.0,216.0,8.0
-1,2022-06-17 03:24:50.337,comment,1,2,-1,1,4070.0,163.0,216.0,8.0
-1,2022-06-19 19:24:04.280,comment,1,0,-1,1,4070.0,163.0,216.0,8.0
-1,2022-06-19 19:24:55.937,comment,1,1,-1,1,4070.0,163.0,216.0,8.0
-1,2022-06-21 15:10:42.890,comment,1,2,-1,1,4070.0,163.0,216.0,8.0
-1,2022-06-23 20:48:31.873,comment,1,6,-1,1,4070.0,163.0,216.0,8.0
-1,2022-06-30 10:45:45.290,comment,1,0,-1,1,4070.0,163.0,216.0,8.0
-1,2022-06-30 11:36:06.043,comment,1,0,-1,1,4070.0,163.0,216.0,8.0
-1,2022-06-30 16:12:40.360,comment,1,0,-1,1,4070.0,163.0,216.0,8.0
-1,2022-06-30 23:13:20.537,comment,1,0,-1,1,4070.0,163.0,216.0,8.0
-1,2022-06-30 23:13:43.857,comment,0,7,-1,1,4070.0,163.0,216.0,8.0
-1,2022-07-10 15:06:04.247,comment,1,0,-1,1,4070.0,163.0,216.0,8.0
-1,2022-07-10 15:06:19.773,comment,0,7,-1,1,4070.0,163.0,216.0,8.0
-1,2022-07-20 22:15:21.657,comment,0,7,-1,1,4070.0,163.0,216.0,8.0
-1,2022-08-04 10:10:51.143,post,0,7,-1,1,4070.0,163.0,216.0,8.0
-1,2022-08-12 13:04:44.797,comment,0,7,-1,1,4070.0,163.0,216.0,8.0
-1,2022-08-20 17:21:01.113,comment,0,7,-1,1,4070.0,163.0,216.0,8.0
-1,2022-09-05 06:57:31.197,comment,1,0,-1,1,4070.0,163.0,216.0,8.0
-1,2022-09-05 18:58:31.350,comment,1,1,-1,1,4070.0,163.0,216.0,8.0
-1,2022-09-06 23:06:02.653,post,1,0,-1,1,4070.0,163.0,216.0,8.0
-1,2022-09-06 23:09:58.490,post,1,0,-1,1,4070.0,163.0,216.0,8.0
-1,2022-09-06 23:12:07.460,post,1,0,-1,1,4070.0,163.0,216.0,8.0
-1,2022-09-06 23:13:56.700,post,1,6,-1,1,4070.0,163.0,216.0,8.0
-1,2022-09-13 08:20:52.093,comment,1,0,-1,1,4070.0,163.0,216.0,8.0
-1,2022-09-13 08:21:48.693,comment,1,0,-1,1,4070.0,163.0,216.0,8.0
-1,2022-09-13 08:26:59.793,comment,1,0,-1,1,4070.0,163.0,216.0,8.0
-1,2022-09-13 16:53:12.927,comment,1,1,-1,1,4070.0,163.0,216.0,8.0
-1,2022-09-14 23:40:39.480,post,0,7,-1,1,4070.0,163.0,216.0,8.0
-1,2022-09-28 02:59:12.427,comment,1,0,-1,1,4070.0,163.0,216.0,8.0
-1,2022-09-28 03:00:34.997,comment,1,0,-1,1,4070.0,163.0,216.0,8.0
-1,2022-09-28 03:00:48.380,comment,0,7,-1,1,4070.0,163.0,216.0,8.0
-1,2022-10-08 15:50:04.807,comment,1,0,-1,1,4070.0,163.0,216.0,8.0
-1,2022-10-08 15:50:10.847,comment,1,0,-1,1,4070.0,163.0,216.0,8.0
-1,2022-10-08 15:50:17.330,comment,1,0,-1,1,4070.0,163.0,216.0,8.0
-1,2022-10-08 15:50:33.400,comment,1,0,-1,1,4070.0,163.0,216.0,8.0
-1,2022-10-09 03:52:30.307,comment,1,2,-1,1,4070.0,163.0,216.0,8.0
-1,2022-10-11 16:01:09.167,comment,1,0,-1,1,4070.0,163.0,216.0,8.0
-1,2022-10-12 07:24:53.303,comment,1,6,-1,1,4070.0,163.0,216.0,8.0
-1,2022-10-19 00:05:05.520,comment,1,0,-1,1,4070.0,163.0,216.0,8.0
-1,2022-10-19 00:05:15.890,comment,0,7,-1,1,4070.0,163.0,216.0,8.0
-1,2022-11-10 12:15:39.673,comment,1,0,-1,1,4070.0,163.0,216.0,8.0
-1,2022-11-10 12:16:42.433,comment,1,0,-1,1,4070.0,163.0,216.0,8.0
-1,2022-11-10 12:17:20.743,comment,1,0,-1,1,4070.0,163.0,216.0,8.0
-1,2022-11-10 12:17:47.127,comment,0,7,-1,1,4070.0,163.0,216.0,8.0
-1,2022-12-04 16:48:41.733,comment,1,0,-1,1,4070.0,163.0,216.0,8.0
-1,2022-12-04 17:08:50.060,comment,1,1,-1,1,4070.0,163.0,216.0,8.0
-1,2022-12-06 11:12:46.693,comment,1,0,-1,1,4070.0,163.0,216.0,8.0
-1,2022-12-06 11:20:04.190,comment,0,7,-1,1,4070.0,163.0,216.0,8.0
-1,2022-12-13 15:49:00.540,comment,1,6,-1,1,4070.0,163.0,216.0,8.0
-1,2022-12-20 00:41:55.240,comment,0,7,-1,1,4070.0,163.0,216.0,8.0
-1,2022-12-27 03:18:30.957,comment,1,2,-1,1,4070.0,163.0,216.0,8.0
-1,2022-12-29 09:49:13.060,comment,1,5,-1,1,4070.0,163.0,216.0,8.0
-1,2023-01-03 20:17:13.833,comment,0,7,-1,1,4070.0,163.0,216.0,8.0
-1,2023-01-15 11:55:35.533,comment,1,4,-1,1,4070.0,163.0,216.0,8.0
-1,2023-01-19 17:47:27.210,comment,1,3,-1,1,4070.0,163.0,216.0,8.0
-1,2023-01-22 19:43:31.173,comment,1,0,-1,1,4070.0,163.0,216.0,8.0
-1,2023-01-22 19:43:58.403,comment,1,3,-1,1,4070.0,163.0,216.0,8.0
-1,2023-01-26 05:25:53.393,comment,1,5,-1,1,4070.0,163.0,216.0,8.0
-1,2023-01-31 17:47:54.060,comment,1,2,-1,1,4070.0,163.0,216.0,8.0
-1,2023-02-03 02:46:10.623,comment,0,7,-1,1,4070.0,163.0,216.0,8.0
-1,2023-02-24 19:59:56.563,comment,0,7,-1,1,4070.0,163.0,216.0,8.0
-1,2023-03-06 15:12:05.177,comment,1,5,-1,1,4070.0,163.0,216.0,8.0
-1,2023-03-11 21:25:41.883,comment,1,1,-1,1,4070.0,163.0,216.0,8.0
-1,2023-03-13 15:37:22.080,comment,0,7,-1,1,4070.0,163.0,216.0,8.0
-1,2023-03-21 19:24:53.610,comment,1,2,-1,1,4070.0,163.0,216.0,8.0
-1,2023-03-24 06:37:38.743,comment,1,0,-1,1,4070.0,163.0,216.0,8.0
-1,2023-03-24 06:49:21.433,comment,1,0,-1,1,4070.0,163.0,216.0,8.0
-1,2023-03-24 06:51:16.237,comment,1,1,-1,1,4070.0,163.0,216.0,8.0
-1,2023-03-25 14:38:59.000,comment,1,0,-1,1,4070.0,163.0,216.0,8.0
-1,2023-03-26 08:57:43.833,comment,1,4,-1,1,4070.0,163.0,216.0,8.0
-1,2023-03-30 13:13:44.303,comment,1,0,-1,1,4070.0,163.0,216.0,8.0
-1,2023-03-30 13:13:54.370,comment,1,0,-1,1,4070.0,163.0,216.0,8.0
-1,2023-03-30 13:14:29.600,comment,1,3,-1,1,4070.0,163.0,216.0,8.0
-1,2023-04-02 13:32:14.867,comment,1,0,-1,1,4070.0,163.0,216.0,8.0
-1,2023-04-02 16:07:55.633,comment,1,0,-1,1,4070.0,163.0,216.0,8.0
-1,2023-04-02 16:08:07.937,comment,1,0,-1,1,4070.0,163.0,216.0,8.0
-1,2023-04-03 12:47:10.533,comment,0,7,-1,1,4070.0,163.0,216.0,8.0
-1,2023-04-14 01:35:48.277,comment,1,2,-1,1,4070.0,163.0,216.0,8.0
-1,2023-04-16 10:55:18.230,comment,0,7,-1,1,4070.0,163.0,216.0,8.0
-1,2023-05-04 04:48:03.903,comment,1,0,-1,1,4070.0,163.0,216.0,8.0
-1,2023-05-04 04:48:35.017,comment,0,7,-1,1,4070.0,163.0,216.0,8.0
-1,2023-05-16 00:12:13.543,comment,1,4,-1,1,4070.0,163.0,216.0,8.0
-1,2023-05-20 20:13:25.567,comment,1,0,-1,1,4070.0,163.0,216.0,8.0
-1,2023-05-21 08:00:25.667,comment,1,4,-1,1,4070.0,163.0,216.0,8.0
-1,2023-05-26 07:08:59.457,comment,1,1,-1,1,4070.0,163.0,216.0,8.0
-1,2023-05-27 17:19:14.470,comment,1,4,-1,1,4070.0,163.0,216.0,8.0
-1,2023-06-01 15:17:36.090,comment,0,7,-1,1,4070.0,163.0,216.0,8.0
-1,2023-06-11 09:34:48.053,comment,1,3,-1,1,4070.0,163.0,216.0,8.0
-1,2023-06-14 16:04:07.170,comment,1,5,-1,1,4070.0,163.0,216.0,8.0
-1,2023-06-20 09:02:45.560,comment,1,0,-1,1,4070.0,163.0,216.0,8.0
-1,2023-06-20 09:03:53.540,comment,1,0,-1,1,4070.0,163.0,216.0,8.0
-1,2023-06-20 09:04:43.620,comment,1,0,-1,1,4070.0,163.0,216.0,8.0
-1,2023-06-20 09:05:04.400,comment,1,0,-1,1,4070.0,163.0,216.0,8.0
-1,2023-06-20 09:05:23.313,comment,1,0,-1,1,4070.0,163.0,216.0,8.0
-1,2023-06-20 09:06:30.420,comment,1,0,-1,1,4070.0,163.0,216.0,8.0
-1,2023-06-20 13:30:21.327,comment,1,0,-1,1,4070.0,163.0,216.0,8.0
-1,2023-06-20 13:43:32.467,comment,1,0,-1,1,4070.0,163.0,216.0,8.0
-1,2023-06-20 13:46:14.890,comment,1,4,-1,1,4070.0,163.0,216.0,8.0
-1,2023-06-25 11:30:10.960,comment,1,5,-1,1,4070.0,163.0,216.0,8.0
-1,2023-06-30 11:49:03.503,post,0,7,-1,1,4070.0,163.0,216.0,8.0
-1,2023-07-08 17:12:49.170,post,1,6,-1,1,4070.0,163.0,216.0,8.0
-1,2023-07-15 09:15:23.857,comment,0,7,-1,1,4070.0,163.0,216.0,8.0
-1,2023-07-22 14:42:34.417,comment,1,3,-1,1,4070.0,163.0,216.0,8.0
-1,2023-07-25 15:00:07.833,comment,1,0,-1,1,4070.0,163.0,216.0,8.0
-1,2023-07-25 15:12:27.913,comment,1,0,-1,1,4070.0,163.0,216.0,8.0
-1,2023-07-25 15:13:58.087,comment,1,3,-1,1,4070.0,163.0,216.0,8.0
-1,2023-07-29 13:39:13.890,comment,1,0,-1,1,4070.0,163.0,216.0,8.0
-1,2023-07-29 13:39:39.483,comment,0,7,-1,1,4070.0,163.0,216.0,8.0
-1,2023-08-15 09:58:05.567,comment,1,0,-1,1,4070.0,163.0,216.0,8.0
-1,2023-08-15 10:13:46.703,comment,1,0,-1,1,4070.0,163.0,216.0,8.0
-1,2023-08-15 10:14:03.803,comment,1,3,-1,1,4070.0,163.0,216.0,8.0
-1,2023-08-19 05:55:06.710,comment,1,2,-1,1,4070.0,163.0,216.0,8.0
-1,2023-08-21 11:32:42.563,comment,0,7,-1,1,4070.0,163.0,216.0,8.0
-1,2023-08-28 15:20:20.890,comment,1,0,-1,1,4070.0,163.0,216.0,8.0
-1,2023-08-28 15:21:21.250,comment,1,3,-1,1,4070.0,163.0,216.0,8.0
-1,2023-08-31 16:39:52.530,comment,0,7,-1,1,4070.0,163.0,216.0,8.0
-1,2023-09-16 05:39:01.517,comment,1,4,-1,1,4070.0,163.0,216.0,8.0
-1,2023-09-20 05:56:11.827,comment,1,3,-1,1,4070.0,163.0,216.0,8.0
-1,2023-09-24 05:23:06.720,comment,0,7,-1,1,4070.0,163.0,216.0,8.0
-1,2023-10-25 05:15:55.650,comment,1,3,-1,1,4070.0,163.0,216.0,8.0
-1,2023-10-29 03:21:34.933,comment,0,7,-1,1,4070.0,163.0,216.0,8.0
-1,2023-11-06 23:15:21.890,comment,1,0,-1,1,4070.0,163.0,216.0,8.0
-1,2023-11-06 23:15:58.030,comment,1,0,-1,1,4070.0,163.0,216.0,8.0
-1,2023-11-06 23:16:39.673,comment,1,0,-1,1,4070.0,163.0,216.0,8.0
-1,2023-11-06 23:18:06.970,comment,1,0,-1,1,4070.0,163.0,216.0,8.0
-1,2023-11-06 23:18:36.220,comment,1,0,-1,1,4070.0,163.0,216.0,8.0
-1,2023-11-06 23:21:18.220,comment,1,3,-1,1,4070.0,163.0,216.0,8.0
-1,2023-11-10 04:36:13.610,comment,1,0,-1,1,4070.0,163.0,216.0,8.0
-1,2023-11-11 02:08:16.800,comment,1,0,-1,1,4070.0,163.0,216.0,8.0
-1,2023-11-11 02:08:47.293,comment,0,7,-1,1,4070.0,163.0,216.0,8.0
-1,2023-11-20 06:56:00.040,comment,1,2,-1,1,4070.0,163.0,216.0,8.0
-1,2023-11-23 04:19:02.503,comment,1,1,-1,1,4070.0,163.0,216.0,8.0
-1,2023-11-24 07:35:42.087,comment,0,7,-1,1,4070.0,163.0,216.0,8.0
-1,2023-12-01 14:31:03.627,comment,1,1,-1,1,4070.0,163.0,216.0,8.0
-1,2023-12-03 13:15:38.120,comment,1,2,-1,1,4070.0,163.0,216.0,8.0
-1,2023-12-05 15:53:03.750,comment,0,7,-1,1,4070.0,163.0,216.0,8.0
-1,2023-12-18 15:35:53.760,comment,1,4,-1,1,4070.0,163.0,216.0,8.0
-1,2023-12-23 05:12:31.167,comment,1,3,-1,1,4070.0,163.0,216.0,8.0
-1,2023-12-26 09:53:24.757,comment,1,0,-1,1,4070.0,163.0,216.0,8.0
-1,2023-12-26 09:54:04.043,comment,1,0,-1,1,4070.0,163.0,216.0,8.0
-1,2023-12-26 09:54:20.760,comment,1,0,-1,1,4070.0,163.0,216.0,8.0
-1,2023-12-26 09:57:35.093,comment,0,7,-1,1,4070.0,163.0,216.0,8.0
-1,2024-01-05 05:30:54.837,comment,1,0,-1,1,4070.0,163.0,216.0,8.0
-1,2024-01-05 05:31:15.250,comment,1,0,-1,1,4070.0,163.0,216.0,8.0
-1,2024-01-05 05:31:39.177,comment,1,0,-1,1,4070.0,163.0,216.0,8.0
-1,2024-01-05 18:46:05.907,comment,0,7,-1,1,4070.0,163.0,216.0,8.0
-1,2024-01-14 15:53:32.217,comment,1,0,-1,1,4070.0,163.0,216.0,8.0
-1,2024-01-14 16:03:05.837,comment,1,0,-1,1,4070.0,163.0,216.0,8.0
-1,2024-01-14 16:03:50.673,comment,1,1,-1,1,4070.0,163.0,216.0,8.0
-1,2024-01-16 05:30:54.430,comment,1,0,-1,1,4070.0,163.0,216.0,8.0
-1,2024-01-16 05:32:43.373,comment,0,7,-1,1,4070.0,163.0,216.0,8.0
-1,2024-02-12 16:12:12.390,comment,0,7,-1,1,4070.0,163.0,216.0,8.0
-1,2024-03-07 17:37:05.487,comment,1,0,-1,1,4070.0,163.0,216.0,8.0
-1,2024-03-07 22:13:18.690,comment,0,7,-1,1,4070.0,163.0,216.0,8.0
-1,2024-03-22 05:53:26.183,comment,0,7,-1,1,4070.0,163.0,216.0,8.0
100007,2020-06-30 17:45:58.970,post,1,0,100007,51,1830.0,3.0,4.0,0.0
100007,2020-06-30 20:57:28.540,comment,1,0,100007,51,1830.0,3.0,4.0,0.0
100007,2020-07-01 15:44:03.793,comment,1,0,100007,51,1830.0,3.0,4.0,0.0
100007,2020-07-01 17:08:35.190,post,0,7,100007,51,1830.0,3.0,4.0,0.0
100007,2020-08-03 18:17:28.683,post,1,0,100007,51,1830.0,3.0,4.0,0.0
100007,2020-08-03 20:43:01.327,comment,1,0,100007,51,1830.0,3.0,4.0,0.0
100007,2020-08-03 21:07:41.913,comment,0,7,100007,51,1830.0,3.0,4.0,0.0
10001,2015-06-05 21:52:05.920,post,1,2,10001,71,3682.0,1.0,1.0,0.0
10001,2015-06-07 22:44:48.530,comment,0,7,10001,71,3682.0,1.0,1.0,0.0
100034,2020-07-01 03:52:59.830,post,1,0,100034,243,1829.0,9.0,5.0,0.0
100034,2020-07-02 00:10:54.143,post,1,0,100034,243,1829.0,9.0,5.0,0.0
100034,2020-07-02 00:19:02.183,comment,0,7,100034,243,1829.0,9.0,5.0,0.0
100034,2020-07-14 05:46:35.970,post,1,1,100034,243,1829.0,9.0,5.0,0.0
100034,2020-07-15 18:14:30.943,comment,1,0,100034,243,1829.0,9.0,5.0,0.0
100034,2020-07-15 22:51:05.527,post,1,0,100034,243,1829.0,9.0,5.0,0.0
100034,2020-07-16 18:09:57.460,comment,1,0,100034,243,1829.0,9.0,5.0,0.0
100034,2020-07-16 18:14:31.450,comment,1,3,100034,243,1829.0,9.0,5.0,0.0
100034,2020-07-20 06:39:22.087,post,1,3,100034,243,1829.0,9.0,5.0,0.0
100034,2020-07-24 04:56:34.177,post,1,0,100034,243,1829.0,9.0,5.0,0.0
100034,2020-07-24 14:46:42.317,post,1,0,100034,243,1829.0,9.0,5.0,0.0
100034,2020-07-24 19:37:56.047,post,0,7,100034,243,1829.0,9.0,5.0,0.0
100034,2020-08-05 05:31:33.773,comment,0,7,100034,243,1829.0,9.0,5.0,0.0
100034,2020-08-18 15:55:30.260,post,0,7,100034,243,1829.0,9.0,5.0,0.0
100044,2020-07-01 10:03:00.673,post,1,0,100044,1,1829.0,1.0,1.0,0.0
100044,2020-07-01 12:16:36.820,comment,0,7,100044,1,1829.0,1.0,1.0,0.0
100052,2020-07-01 12:10:32.453,post,1,5,100052,1,1829.0,1.0,1.0,0.0
100052,2020-07-06 20:48:57.097,comment,0,7,100052,1,1829.0,1.0,1.0,0.0
100066,2020-07-01 18:29:25.050,post,0,7,100066,37,1829.0,3.0,2.0,0.0
100066,2020-08-06 10:23:50.287,post,1,0,100066,37,1829.0,3.0,2.0,0.0
100066,2020-08-06 13:40:31.183,comment,0,7,100066,37,1829.0,3.0,2.0,0.0
100066,2020-12-15 19:21:37.017,post,1,0,100066,37,1829.0,3.0,2.0,0.0
100066,2020-12-16 09:24:34.260,comment,0,7,100066,37,1829.0,3.0,2.0,0.0
100067,2020-07-01 19:04:42.337,post,1,0,100067,3,1829.0,2.0,5.0,0.0
100067,2020-07-02 17:26:18.700,comment,1,0,100067,3,1829.0,2.0,5.0,0.0
100067,2020-07-03 17:21:12.587,comment,1,0,100067,3,1829.0,2.0,5.0,0.0
100067,2020-07-03 20:15:40.063,comment,1,0,100067,3,1829.0,2.0,5.0,0.0
100067,2020-07-04 18:01:16.933,comment,0,7,100067,3,1829.0,2.0,5.0,0.0
100067,2020-08-21 17:33:08.560,post,1,6,100067,3,1829.0,2.0,5.0,0.0
100067,2020-08-27 17:45:10.170,comment,0,7,100067,3,1829.0,2.0,5.0,0.0
100076,2022-08-07 23:58:47.300,comment,1,0,100076,101,1829.0,0.0,2.0,0.0
100076,2022-08-08 01:14:17.747,comment,0,7,100076,101,1829.0,0.0,2.0,0.0
100088,2020-07-02 14:48:32.093,post,1,0,100088,31,1828.0,1.0,2.0,0.0
100088,2020-07-02 16:40:47.300,comment,1,0,100088,31,1828.0,1.0,2.0,0.0
100088,2020-07-02 20:00:55.590,comment,0,7,100088,31,1828.0,1.0,2.0,0.0
100104,2020-07-02 10:43:15.873,post,0,7,100104,113,1828.0,2.0,0.0,0.0
100104,2020-08-29 09:24:48.620,post,0,7,100104,113,1828.0,2.0,0.0,0.0
100106,2020-07-02 11:15:30.700,post,1,0,100106,31,1828.0,2.0,1.0,0.0
100106,2020-07-02 13:49:45.230,comment,0,7,100106,31,1828.0,2.0,1.0,0.0
100106,2020-09-05 15:07:27.900,post,0,7,100106,31,1828.0,2.0,1.0,0.0
100122,2020-07-03 14:20:35.167,post,1,0,100122,293,1828.0,13.0,10.0,0.0
100122,2020-07-03 15:13:02.600,comment,1,0,100122,293,1828.0,13.0,10.0,0.0
100122,2020-07-04 12:00:00.133,comment,1,0,100122,293,1828.0,13.0,10.0,0.0
100122,2020-07-04 13:02:15.730,comment,1,0,100122,293,1828.0,13.0,10.0,0.0
100122,2020-07-04 13:37:23.387,post,0,7,100122,293,1828.0,13.0,10.0,0.0
100122,2020-08-06 12:01:51.057,post,1,0,100122,293,1828.0,13.0,10.0,0.0
100122,2020-08-07 04:08:44.840,comment,0,7,100122,293,1828.0,13.0,10.0,0.0
100122,2020-09-07 12:55:35.997,post,1,5,100122,293,1828.0,13.0,10.0,0.0
100122,2020-09-12 17:57:07.693,post,1,0,100122,293,1828.0,13.0,10.0,0.0
100122,2020-09-13 15:06:14.757,post,1,0,100122,293,1828.0,13.0,10.0,0.0
100122,2020-09-13 17:34:31.257,comment,1,0,100122,293,1828.0,13.0,10.0,0.0
100122,2020-09-13 17:50:19.717,comment,1,0,100122,293,1828.0,13.0,10.0,0.0
100122,2020-09-13 18:17:04.830,comment,1,0,100122,293,1828.0,13.0,10.0,0.0
100122,2020-09-14 06:35:11.960,comment,1,3,100122,293,1828.0,13.0,10.0,0.0
100122,2020-09-17 14:39:08.810,post,1,0,100122,293,1828.0,13.0,10.0,0.0
100122,2020-09-17 15:24:24.130,comment,1,0,100122,293,1828.0,13.0,10.0,0.0
100122,2020-09-17 15:43:29.717,comment,1,1,100122,293,1828.0,13.0,10.0,0.0
100122,2020-09-19 15:42:46.773,post,0,7,100122,293,1828.0,13.0,10.0,0.0
100122,2020-10-01 11:50:28.293,post,1,0,100122,293,1828.0,13.0,10.0,0.0
100122,2020-10-01 15:46:20.583,post,1,5,100122,293,1828.0,13.0,10.0,0.0
100122,2020-10-07 06:35:20.633,post,1,3,100122,293,1828.0,13.0,10.0,0.0
100122,2020-10-10 12:43:18.790,post,1,2,100122,293,1828.0,13.0,10.0,0.0
100122,2020-10-12 16:12:36.050,post,0,7,100122,293,1828.0,13.0,10.0,0.0
100125,2022-11-30 11:39:42.817,post,1,0,100125,63,1828.0,4.0,3.0,0.0
100125,2022-11-30 12:30:35.510,post,1,0,100125,63,1828.0,4.0,3.0,0.0
100125,2022-11-30 12:37:16.290,comment,1,0,100125,63,1828.0,4.0,3.0,0.0
100125,2022-11-30 16:08:46.200,post,0,7,100125,63,1828.0,4.0,3.0,0.0
100125,2022-12-08 15:50:07.867,comment,0,7,100125,63,1828.0,4.0,3.0,0.0
100125,2023-07-24 08:18:10.823,post,1,0,100125,63,1828.0,4.0,3.0,0.0
100125,2023-07-24 09:39:39.870,comment,0,7,100125,63,1828.0,4.0,3.0,0.0
100133,2020-07-02 17:19:12.187,post,1,0,100133,1,1828.0,1.0,1.0,0.0
100133,2020-07-02 18:03:13.350,comment,0,7,100133,1,1828.0,1.0,1.0,0.0
100135,2020-07-02 18:50:58.820,post,1,0,100135,3,1828.0,1.0,1.0,0.0
100135,2020-07-03 01:06:44.967,comment,0,7,100135,3,1828.0,1.0,1.0,0.0
100147,2020-07-02 23:46:15.890,post,0,7,100147,123,1827.0,2.0,0.0,0.0
100147,2021-06-03 18:10:41.693,post,0,7,100147,123,1827.0,2.0,0.0,0.0
100157,2020-07-03 08:41:28.910,post,1,0,100157,33,1827.0,2.0,2.0,0.0
100157,2020-07-03 18:36:58.573,comment,0,7,100157,33,1827.0,2.0,2.0,0.0
100157,2021-04-21 09:59:31.173,post,1,0,100157,33,1827.0,2.0,2.0,0.0
100157,2021-04-21 12:52:27.647,comment,0,7,100157,33,1827.0,2.0,2.0,0.0
100181,2020-07-03 14:29:57.000,post,1,0,100181,101,1827.0,1.0,3.0,0.0
100181,2020-07-03 15:12:59.280,comment,1,0,100181,101,1827.0,1.0,3.0,0.0
100181,2020-07-03 15:15:23.333,comment,1,0,100181,101,1827.0,1.0,3.0,0.0
100181,2020-07-03 15:18:23.917,comment,0,7,100181,101,1827.0,1.0,3.0,0.0
100183,2020-07-26 02:21:02.967,post,1,0,100183,111,1827.0,1.0,1.0,0.0
100183,2020-07-26 10:42:53.677,comment,0,7,100183,111,1827.0,1.0,1.0,0.0
10019,2015-06-06 21:49:54.407,post,1,5,10019,131,3681.0,1.0,4.0,0.0
10019,2015-06-12 21:25:01.447,comment,0,7,10019,131,3681.0,1.0,4.0,0.0
10019,2015-06-24 03:14:57.380,comment,1,3,10019,131,3681.0,1.0,4.0,0.0
10019,2015-06-28 03:12:17.343,comment,0,7,10019,131,3681.0,1.0,4.0,0.0
10019,2016-08-20 04:53:19.773,comment,0,7,10019,131,3681.0,1.0,4.0,0.0
100200,2020-07-04 06:55:29.933,post,1,0,100200,73,1826.0,3.0,6.0,0.0
100200,2020-07-04 07:55:07.280,comment,1,0,100200,73,1826.0,3.0,6.0,0.0
100200,2020-07-04 13:00:49.420,comment,1,0,100200,73,1826.0,3.0,6.0,0.0
100200,2020-07-04 15:14:31.693,comment,1,0,100200,73,1826.0,3.0,6.0,0.0
100200,2020-07-04 15:16:16.533,comment,1,0,100200,73,1826.0,3.0,6.0,0.0
100200,2020-07-04 17:37:59.943,comment,1,3,100200,73,1826.0,3.0,6.0,0.0
100200,2020-07-07 17:56:53.977,post,1,3,100200,73,1826.0,3.0,6.0,0.0
100200,2020-07-11 10:03:38.703,post,1,0,100200,73,1826.0,3.0,6.0,0.0
100200,2020-07-11 10:13:56.050,comment,0,7,100200,73,1826.0,3.0,6.0,0.0
100214,2020-07-04 16:47:24.153,post,1,0,100214,21,1826.0,2.0,0.0,0.0
100214,2020-07-04 17:00:34.293,post,0,7,100214,21,1826.0,2.0,0.0,0.0
100217,2020-07-04 17:10:51.507,post,1,0,100217,3,1826.0,1.0,2.0,0.0
100217,2020-07-04 17:44:18.983,comment,1,0,100217,3,1826.0,1.0,2.0,0.0
100217,2020-07-04 20:12:39.013,comment,0,7,100217,3,1826.0,1.0,2.0,0.0
100222,2020-09-18 02:44:30.147,post,1,5,100222,1,1826.0,1.0,1.0,0.0
100222,2020-09-23 19:58:21.777,comment,0,7,100222,1,1826.0,1.0,1.0,0.0
100227,2020-07-04 18:33:05.290,post,1,0,100227,133,1826.0,1.0,2.0,0.0
100227,2020-07-04 21:00:34.223,comment,1,0,100227,133,1826.0,1.0,2.0,0.0
100227,2020-07-04 21:06:09.653,comment,0,7,100227,133,1826.0,1.0,2.0,0.0
100230,2020-07-04 19:43:30.850,post,1,0,100230,133,1826.0,1.0,1.0,0.0
100230,2020-07-05 03:29:53.047,comment,0,7,100230,133,1826.0,1.0,1.0,0.0
10024,2015-12-11 09:07:07.943,post,0,7,10024,297,3680.0,6.0,6.0,0.0
10024,2016-01-27 16:03:59.047,comment,0,7,10024,297,3680.0,6.0,6.0,0.0
10024,2016-02-16 11:13:06.967,post,1,0,10024,297,3680.0,6.0,6.0,0.0
10024,2016-02-16 13:49:00.593,post,1,0,10024,297,3680.0,6.0,6.0,0.0
10024,2016-02-16 14:19:33.343,comment,0,7,10024,297,3680.0,6.0,6.0,0.0
10024,2016-04-23 15:02:47.757,post,0,7,10024,297,3680.0,6.0,6.0,0.0
10024,2016-06-06 18:39:22.080,comment,0,7,10024,297,3680.0,6.0,6.0,0.0
10024,2016-07-21 08:23:33.817,post,0,7,10024,297,3680.0,6.0,6.0,0.0
10024,2017-02-07 11:55:53.757,post,1,0,10024,297,3680.0,6.0,6.0,0.0
10024,2017-02-07 15:17:07.173,comment,0,7,10024,297,3680.0,6.0,6.0,0.0
10024,2017-05-12 09:00:39.387,comment,0,7,10024,297,3680.0,6.0,6.0,0.0
10024,2021-07-19 12:34:16.773,comment,0,7,10024,297,3680.0,6.0,6.0,0.0
100259,2020-07-05 11:59:51.977,post,1,0,100259,109,1825.0,1.0,1.0,0.0
100259,2020-07-05 17:38:11.970,comment,0,7,100259,109,1825.0,1.0,1.0,0.0
100261,2020-07-05 13:25:45.897,post,1,0,100261,169,1825.0,2.0,2.0,0.0
100261,2020-07-06 02:14:21.133,comment,1,0,100261,169,1825.0,2.0,2.0,0.0
100261,2020-07-06 03:09:52.413,comment,1,0,100261,169,1825.0,2.0,2.0,0.0
100261,2020-07-06 10:55:10.237,post,0,7,100261,169,1825.0,2.0,2.0,0.0
100262,2020-07-05 14:39:23.410,post,1,0,100262,119,1825.0,11.0,30.0,0.0
100262,2020-07-05 17:15:34.067,comment,1,5,100262,119,1825.0,11.0,30.0,0.0
100262,2020-07-10 20:51:45.703,post,1,0,100262,119,1825.0,11.0,30.0,0.0
100262,2020-07-11 07:53:25.900,comment,1,0,100262,119,1825.0,11.0,30.0,0.0
100262,2020-07-11 09:13:40.207,comment,1,0,100262,119,1825.0,11.0,30.0,0.0
100262,2020-07-11 09:37:58.947,comment,1,0,100262,119,1825.0,11.0,30.0,0.0
100262,2020-07-11 09:49:58.710,comment,1,3,100262,119,1825.0,11.0,30.0,0.0
100262,2020-07-14 11:58:36.567,post,1,0,100262,119,1825.0,11.0,30.0,0.0
100262,2020-07-14 13:23:42.100,comment,0,7,100262,119,1825.0,11.0,30.0,0.0
100262,2020-07-22 09:54:12.737,post,1,0,100262,119,1825.0,11.0,30.0,0.0
100262,2020-07-22 10:29:20.057,comment,1,0,100262,119,1825.0,11.0,30.0,0.0
100262,2020-07-22 10:40:32.567,comment,1,0,100262,119,1825.0,11.0,30.0,0.0
100262,2020-07-22 10:52:12.177,comment,1,0,100262,119,1825.0,11.0,30.0,0.0
100262,2020-07-22 11:40:57.903,comment,1,0,100262,119,1825.0,11.0,30.0,0.0
100262,2020-07-23 09:06:09.763,post,1,1,100262,119,1825.0,11.0,30.0,0.0
100262,2020-07-24 10:23:55.690,comment,1,0,100262,119,1825.0,11.0,30.0,0.0
100262,2020-07-24 11:23:29.390,comment,1,0,100262,119,1825.0,11.0,30.0,0.0
100262,2020-07-24 11:43:22.020,comment,1,0,100262,119,1825.0,11.0,30.0,0.0
100262,2020-07-24 12:50:10.427,comment,1,0,100262,119,1825.0,11.0,30.0,0.0
100262,2020-07-24 16:00:32.340,comment,1,2,100262,119,1825.0,11.0,30.0,0.0
100262,2020-07-27 14:40:43.823,post,1,0,100262,119,1825.0,11.0,30.0,0.0
100262,2020-07-27 15:22:11.953,comment,1,0,100262,119,1825.0,11.0,30.0,0.0
100262,2020-07-27 20:31:16.420,comment,1,0,100262,119,1825.0,11.0,30.0,0.0
100262,2020-07-27 20:46:00.470,comment,1,0,100262,119,1825.0,11.0,30.0,0.0
100262,2020-07-27 21:04:01.707,comment,1,0,100262,119,1825.0,11.0,30.0,0.0
100262,2020-07-27 21:12:01.603,comment,1,0,100262,119,1825.0,11.0,30.0,0.0
100262,2020-07-27 21:18:07.017,comment,1,1,100262,119,1825.0,11.0,30.0,0.0
100262,2020-07-29 16:10:30.313,post,1,0,100262,119,1825.0,11.0,30.0,0.0
100262,2020-07-29 16:34:54.623,comment,1,0,100262,119,1825.0,11.0,30.0,0.0
100262,2020-07-29 17:52:55.377,comment,1,0,100262,119,1825.0,11.0,30.0,0.0
100262,2020-07-29 21:15:59.110,comment,1,0,100262,119,1825.0,11.0,30.0,0.0
100262,2020-07-29 21:17:39.927,comment,1,0,100262,119,1825.0,11.0,30.0,0.0
100262,2020-07-30 06:32:02.587,comment,1,5,100262,119,1825.0,11.0,30.0,0.0
100262,2020-08-04 17:29:40.547,post,1,0,100262,119,1825.0,11.0,30.0,0.0
100262,2020-08-05 07:50:35.807,comment,1,0,100262,119,1825.0,11.0,30.0,0.0
100262,2020-08-05 14:00:48.000,comment,0,7,100262,119,1825.0,11.0,30.0,0.0
100262,2020-08-18 15:22:57.860,post,1,0,100262,119,1825.0,11.0,30.0,0.0
100262,2020-08-18 17:24:37.053,post,1,0,100262,119,1825.0,11.0,30.0,0.0
100262,2020-08-18 19:26:23.810,comment,1,0,100262,119,1825.0,11.0,30.0,0.0
100262,2020-08-18 19:40:15.973,comment,1,4,100262,119,1825.0,11.0,30.0,0.0
100262,2020-08-23 12:00:08.607,post,0,7,100262,119,1825.0,11.0,30.0,0.0
100269,2020-07-05 16:37:43.700,comment,1,0,100269,2333,1825.0,114.0,809.0,0.0
100269,2020-07-05 16:41:47.397,comment,1,0,100269,2333,1825.0,114.0,809.0,0.0
100269,2020-07-05 16:46:25.050,comment,1,0,100269,2333,1825.0,114.0,809.0,0.0
100269,2020-07-05 16:51:19.390,comment,1,0,100269,2333,1825.0,114.0,809.0,0.0
100269,2020-07-05 16:58:36.870,comment,1,0,100269,2333,1825.0,114.0,809.0,0.0
100269,2020-07-06 09:06:16.433,comment,1,0,100269,2333,1825.0,114.0,809.0,0.0
100269,2020-07-06 09:39:22.020,post,1,0,100269,2333,1825.0,114.0,809.0,0.0
100269,2020-07-06 09:55:59.727,comment,1,0,100269,2333,1825.0,114.0,809.0,0.0
100269,2020-07-07 09:21:21.337,comment,1,0,100269,2333,1825.0,114.0,809.0,0.0
100269,2020-07-07 09:36:04.463,post,1,0,100269,2333,1825.0,114.0,809.0,0.0
100269,2020-07-07 09:57:23.770,post,1,1,100269,2333,1825.0,114.0,809.0,0.0
100269,2020-07-08 17:43:47.043,post,1,0,100269,2333,1825.0,114.0,809.0,0.0
100269,2020-07-08 17:59:34.217,comment,1,0,100269,2333,1825.0,114.0,809.0,0.0
100269,2020-07-08 18:24:56.210,comment,1,0,100269,2333,1825.0,114.0,809.0,0.0
100269,2020-07-08 18:28:28.860,comment,1,0,100269,2333,1825.0,114.0,809.0,0.0
100269,2020-07-08 18:47:32.803,post,1,0,100269,2333,1825.0,114.0,809.0,0.0
100269,2020-07-08 19:09:27.243,comment,1,0,100269,2333,1825.0,114.0,809.0,0.0
100269,2020-07-08 19:13:13.153,comment,1,0,100269,2333,1825.0,114.0,809.0,0.0
100269,2020-07-08 19:21:21.597,post,1,0,100269,2333,1825.0,114.0,809.0,0.0
100269,2020-07-08 20:23:48.757,comment,1,0,100269,2333,1825.0,114.0,809.0,0.0
100269,2020-07-09 06:28:51.740,comment,1,0,100269,2333,1825.0,114.0,809.0,0.0
100269,2020-07-09 06:33:39.437,comment,1,0,100269,2333,1825.0,114.0,809.0,0.0
100269,2020-07-09 06:37:02.613,comment,1,0,100269,2333,1825.0,114.0,809.0,0.0
100269,2020-07-09 12:53:29.363,comment,1,0,100269,2333,1825.0,114.0,809.0,0.0
100269,2020-07-09 15:47:04.253,comment,1,0,100269,2333,1825.0,114.0,809.0,0.0
100269,2020-07-09 15:50:43.900,comment,1,0,100269,2333,1825.0,114.0,809.0,0.0
100269,2020-07-09 15:58:33.883,post,1,0,100269,2333,1825.0,114.0,809.0,0.0
100269,2020-07-09 16:18:29.203,comment,1,0,100269,2333,1825.0,114.0,809.0,0.0
100269,2020-07-09 16:19:47.573,comment,1,0,100269,2333,1825.0,114.0,809.0,0.0
100269,2020-07-09 16:34:29.890,comment,1,0,100269,2333,1825.0,114.0,809.0,0.0
100269,2020-07-09 16:39:11.123,comment,1,0,100269,2333,1825.0,114.0,809.0,0.0
100269,2020-07-09 16:45:02.560,comment,1,0,100269,2333,1825.0,114.0,809.0,0.0
100269,2020-07-09 16:48:45.857,comment,1,0,100269,2333,1825.0,114.0,809.0,0.0
100269,2020-07-09 16:51:36.447,comment,1,0,100269,2333,1825.0,114.0,809.0,0.0
100269,2020-07-10 09:28:59.777,comment,1,0,100269,2333,1825.0,114.0,809.0,0.0
100269,2020-07-10 09:49:01.213,comment,1,0,100269,2333,1825.0,114.0,809.0,0.0
100269,2020-07-10 10:01:35.383,post,1,0,100269,2333,1825.0,114.0,809.0,0.0
100269,2020-07-10 10:08:55.260,comment,1,0,100269,2333,1825.0,114.0,809.0,0.0
100269,2020-07-10 10:13:19.533,comment,1,0,100269,2333,1825.0,114.0,809.0,0.0
100269,2020-07-10 10:20:17.267,comment,1,0,100269,2333,1825.0,114.0,809.0,0.0
100269,2020-07-10 10:41:55.300,comment,1,0,100269,2333,1825.0,114.0,809.0,0.0
100269,2020-07-10 10:48:22.780,comment,1,0,100269,2333,1825.0,114.0,809.0,0.0
100269,2020-07-10 10:49:50.440,comment,1,0,100269,2333,1825.0,114.0,809.0,0.0
100269,2020-07-10 12:02:17.420,post,1,0,100269,2333,1825.0,114.0,809.0,0.0
100269,2020-07-10 12:13:04.073,comment,1,0,100269,2333,1825.0,114.0,809.0,0.0
100269,2020-07-10 15:49:47.190,comment,1,0,100269,2333,1825.0,114.0,809.0,0.0
100269,2020-07-10 16:17:20.243,comment,1,0,100269,2333,1825.0,114.0,809.0,0.0
100269,2020-07-10 16:27:32.473,comment,1,0,100269,2333,1825.0,114.0,809.0,0.0
100269,2020-07-11 08:46:46.803,comment,1,1,100269,2333,1825.0,114.0,809.0,0.0
100269,2020-07-12 10:40:45.963,comment,1,0,100269,2333,1825.0,114.0,809.0,0.0
100269,2020-07-12 10:45:21.407,comment,1,0,100269,2333,1825.0,114.0,809.0,0.0
100269,2020-07-12 15:38:56.233,comment,1,0,100269,2333,1825.0,114.0,809.0,0.0
100269,2020-07-13 12:41:33.977,comment,1,2,100269,2333,1825.0,114.0,809.0,0.0
100269,2020-07-16 12:02:13.637,comment,1,0,100269,2333,1825.0,114.0,809.0,0.0
100269,2020-07-16 12:03:20.577,comment,1,0,100269,2333,1825.0,114.0,809.0,0.0
100269,2020-07-16 12:06:35.847,comment,1,0,100269,2333,1825.0,114.0,809.0,0.0
100269,2020-07-16 12:10:52.137,comment,1,0,100269,2333,1825.0,114.0,809.0,0.0
100269,2020-07-17 07:48:47.227,comment,1,0,100269,2333,1825.0,114.0,809.0,0.0
100269,2020-07-17 07:54:29.013,comment,1,0,100269,2333,1825.0,114.0,809.0,0.0
100269,2020-07-17 12:47:59.110,comment,1,0,100269,2333,1825.0,114.0,809.0,0.0
100269,2020-07-18 09:08:41.620,comment,1,4,100269,2333,1825.0,114.0,809.0,0.0
100269,2020-07-22 15:35:37.427,comment,1,1,100269,2333,1825.0,114.0,809.0,0.0
100269,2020-07-23 17:51:55.887,comment,1,0,100269,2333,1825.0,114.0,809.0,0.0
100269,2020-07-23 17:53:04.287,comment,1,1,100269,2333,1825.0,114.0,809.0,0.0
100269,2020-07-25 09:07:21.950,post,1,0,100269,2333,1825.0,114.0,809.0,0.0
100269,2020-07-25 09:12:23.710,comment,1,0,100269,2333,1825.0,114.0,809.0,0.0
100269,2020-07-25 09:18:22.387,post,1,0,100269,2333,1825.0,114.0,809.0,0.0
100269,2020-07-25 15:46:55.760,comment,1,0,100269,2333,1825.0,114.0,809.0,0.0
100269,2020-07-25 16:46:03.793,comment,1,0,100269,2333,1825.0,114.0,809.0,0.0
100269,2020-07-26 07:50:21.717,comment,1,0,100269,2333,1825.0,114.0,809.0,0.0
100269,2020-07-26 08:05:44.203,comment,1,0,100269,2333,1825.0,114.0,809.0,0.0
100269,2020-07-26 08:07:51.137,comment,1,0,100269,2333,1825.0,114.0,809.0,0.0
100269,2020-07-26 08:11:19.397,comment,1,0,100269,2333,1825.0,114.0,809.0,0.0
100269,2020-07-26 08:15:26.597,comment,1,0,100269,2333,1825.0,114.0,809.0,0.0
100269,2020-07-26 08:17:49.827,comment,1,0,100269,2333,1825.0,114.0,809.0,0.0
100269,2020-07-26 08:26:24.413,comment,1,0,100269,2333,1825.0,114.0,809.0,0.0
100269,2020-07-26 08:40:09.073,comment,1,0,100269,2333,1825.0,114.0,809.0,0.0
100269,2020-07-26 08:53:44.883,comment,1,0,100269,2333,1825.0,114.0,809.0,0.0
100269,2020-07-26 09:13:49.973,comment,1,0,100269,2333,1825.0,114.0,809.0,0.0
100269,2020-07-26 12:57:00.407,comment,1,0,100269,2333,1825.0,114.0,809.0,0.0
100269,2020-07-26 13:45:23.457,post,1,0,100269,2333,1825.0,114.0,809.0,0.0
100269,2020-07-26 13:56:10.100,comment,1,0,100269,2333,1825.0,114.0,809.0,0.0
100269,2020-07-26 15:10:14.667,post,1,0,100269,2333,1825.0,114.0,809.0,0.0
100269,2020-07-27 07:21:53.393,comment,1,0,100269,2333,1825.0,114.0,809.0,0.0
100269,2020-07-27 07:26:50.883,comment,1,0,100269,2333,1825.0,114.0,809.0,0.0
100269,2020-07-27 07:59:46.470,comment,1,0,100269,2333,1825.0,114.0,809.0,0.0
100269,2020-07-27 15:04:51.867,post,1,0,100269,2333,1825.0,114.0,809.0,0.0
100269,2020-07-27 19:26:59.530,comment,1,0,100269,2333,1825.0,114.0,809.0,0.0
100269,2020-07-27 20:00:22.410,comment,1,0,100269,2333,1825.0,114.0,809.0,0.0
100269,2020-07-27 20:09:55.887,comment,1,0,100269,2333,1825.0,114.0,809.0,0.0
100269,2020-07-27 20:11:18.550,comment,1,0,100269,2333,1825.0,114.0,809.0,0.0
100269,2020-07-27 20:20:29.460,post,1,0,100269,2333,1825.0,114.0,809.0,0.0
100269,2020-07-27 20:34:43.470,comment,1,0,100269,2333,1825.0,114.0,809.0,0.0
100269,2020-07-27 20:47:32.240,comment,1,0,100269,2333,1825.0,114.0,809.0,0.0
100269,2020-07-27 21:01:03.920,comment,1,0,100269,2333,1825.0,114.0,809.0,0.0
100269,2020-07-27 21:04:25.143,comment,1,0,100269,2333,1825.0,114.0,809.0,0.0
100269,2020-07-27 21:09:34.660,comment,1,0,100269,2333,1825.0,114.0,809.0,0.0
100269,2020-07-27 21:13:28.320,comment,1,0,100269,2333,1825.0,114.0,809.0,0.0
100269,2020-07-28 07:08:24.910,post,1,0,100269,2333,1825.0,114.0,809.0,0.0
100269,2020-07-28 11:18:33.330,comment,1,0,100269,2333,1825.0,114.0,809.0,0.0
100269,2020-07-28 11:40:22.010,comment,1,0,100269,2333,1825.0,114.0,809.0,0.0
100269,2020-07-28 11:43:47.473,comment,1,0,100269,2333,1825.0,114.0,809.0,0.0
100269,2020-07-28 11:50:54.293,comment,1,0,100269,2333,1825.0,114.0,809.0,0.0
100269,2020-07-28 13:29:25.807,comment,1,0,100269,2333,1825.0,114.0,809.0,0.0
100269,2020-07-28 13:33:56.390,comment,1,0,100269,2333,1825.0,114.0,809.0,0.0
100269,2020-07-28 17:03:38.843,comment,1,0,100269,2333,1825.0,114.0,809.0,0.0
100269,2020-07-28 17:05:32.003,comment,1,0,100269,2333,1825.0,114.0,809.0,0.0
100269,2020-07-28 17:41:48.197,comment,1,0,100269,2333,1825.0,114.0,809.0,0.0
100269,2020-07-29 06:46:33.450,comment,1,0,100269,2333,1825.0,114.0,809.0,0.0
100269,2020-07-29 06:54:52.713,comment,1,0,100269,2333,1825.0,114.0,809.0,0.0
100269,2020-07-29 06:56:20.023,comment,1,0,100269,2333,1825.0,114.0,809.0,0.0
100269,2020-07-29 14:13:54.440,comment,1,0,100269,2333,1825.0,114.0,809.0,0.0
100269,2020-07-29 19:19:36.403,comment,1,0,100269,2333,1825.0,114.0,809.0,0.0
100269,2020-07-29 19:23:09.060,post,1,0,100269,2333,1825.0,114.0,809.0,0.0
100269,2020-07-29 19:25:06.267,comment,1,0,100269,2333,1825.0,114.0,809.0,0.0
100269,2020-07-29 19:26:05.330,comment,1,0,100269,2333,1825.0,114.0,809.0,0.0
100269,2020-07-29 19:41:05.057,comment,1,0,100269,2333,1825.0,114.0,809.0,0.0
100269,2020-07-29 20:28:46.900,post,1,0,100269,2333,1825.0,114.0,809.0,0.0
100269,2020-07-29 20:45:09.293,comment,1,0,100269,2333,1825.0,114.0,809.0,0.0
100269,2020-07-29 22:43:51.420,comment,1,0,100269,2333,1825.0,114.0,809.0,0.0
100269,2020-07-29 22:50:26.217,comment,1,0,100269,2333,1825.0,114.0,809.0,0.0
100269,2020-07-29 22:52:57.007,comment,1,0,100269,2333,1825.0,114.0,809.0,0.0
100269,2020-07-29 22:59:52.927,comment,1,0,100269,2333,1825.0,114.0,809.0,0.0
100269,2020-07-30 07:37:04.110,comment,1,0,100269,2333,1825.0,114.0,809.0,0.0
100269,2020-07-30 07:52:19.500,comment,1,0,100269,2333,1825.0,114.0,809.0,0.0
100269,2020-07-30 08:08:12.923,comment,1,2,100269,2333,1825.0,114.0,809.0,0.0
100269,2020-08-01 13:39:31.730,comment,0,7,100269,2333,1825.0,114.0,809.0,0.0
100269,2020-08-16 14:52:37.980,post,1,0,100269,2333,1825.0,114.0,809.0,0.0
100269,2020-08-16 15:14:31.453,comment,1,0,100269,2333,1825.0,114.0,809.0,0.0
100269,2020-08-17 06:20:41.327,comment,1,1,100269,2333,1825.0,114.0,809.0,0.0
100269,2020-08-18 15:48:11.537,comment,1,0,100269,2333,1825.0,114.0,809.0,0.0
100269,2020-08-19 13:47:59.110,comment,1,0,100269,2333,1825.0,114.0,809.0,0.0
100269,2020-08-19 14:13:27.710,comment,1,0,100269,2333,1825.0,114.0,809.0,0.0
100269,2020-08-19 14:35:49.837,comment,1,2,100269,2333,1825.0,114.0,809.0,0.0
100269,2020-08-22 06:24:17.583,comment,1,0,100269,2333,1825.0,114.0,809.0,0.0
100269,2020-08-22 06:30:57.903,comment,1,0,100269,2333,1825.0,114.0,809.0,0.0
100269,2020-08-22 06:43:50.003,comment,0,7,100269,2333,1825.0,114.0,809.0,0.0
100269,2020-09-04 10:38:59.490,comment,0,7,100269,2333,1825.0,114.0,809.0,0.0
100269,2020-12-26 16:59:43.877,comment,1,0,100269,2333,1825.0,114.0,809.0,0.0
100269,2020-12-26 17:22:01.093,post,1,0,100269,2333,1825.0,114.0,809.0,0.0
100269,2020-12-26 17:35:04.473,comment,1,0,100269,2333,1825.0,114.0,809.0,0.0
100269,2020-12-26 17:57:50.387,comment,1,0,100269,2333,1825.0,114.0,809.0,0.0
100269,2020-12-26 18:26:10.213,comment,1,0,100269,2333,1825.0,114.0,809.0,0.0
100269,2020-12-26 18:32:01.707,post,1,0,100269,2333,1825.0,114.0,809.0,0.0
100269,2020-12-27 10:02:38.223,comment,1,0,100269,2333,1825.0,114.0,809.0,0.0
100269,2020-12-27 18:14:16.567,comment,1,0,100269,2333,1825.0,114.0,809.0,0.0
100269,2020-12-27 18:30:18.200,comment,1,0,100269,2333,1825.0,114.0,809.0,0.0
100269,2020-12-27 20:41:42.393,post,1,4,100269,2333,1825.0,114.0,809.0,0.0
100269,2021-01-01 17:33:14.030,comment,1,0,100269,2333,1825.0,114.0,809.0,0.0
100269,2021-01-01 17:36:27.430,comment,1,0,100269,2333,1825.0,114.0,809.0,0.0
100269,2021-01-02 10:18:25.797,comment,1,0,100269,2333,1825.0,114.0,809.0,0.0
100269,2021-01-02 11:08:53.457,comment,1,0,100269,2333,1825.0,114.0,809.0,0.0
100269,2021-01-02 11:11:47.060,comment,1,0,100269,2333,1825.0,114.0,809.0,0.0
100269,2021-01-02 11:21:28.583,comment,1,0,100269,2333,1825.0,114.0,809.0,0.0
100269,2021-01-02 11:22:24.010,comment,1,0,100269,2333,1825.0,114.0,809.0,0.0
100269,2021-01-03 08:02:28.293,post,1,0,100269,2333,1825.0,114.0,809.0,0.0
100269,2021-01-03 08:15:35.460,comment,1,1,100269,2333,1825.0,114.0,809.0,0.0
100269,2021-01-04 09:45:41.650,post,1,0,100269,2333,1825.0,114.0,809.0,0.0
100269,2021-01-04 13:54:18.797,comment,1,0,100269,2333,1825.0,114.0,809.0,0.0
100269,2021-01-04 14:00:39.783,comment,1,0,100269,2333,1825.0,114.0,809.0,0.0
100269,2021-01-04 17:55:23.757,post,1,0,100269,2333,1825.0,114.0,809.0,0.0
100269,2021-01-04 18:16:26.057,comment,1,0,100269,2333,1825.0,114.0,809.0,0.0
100269,2021-01-04 19:01:15.947,comment,1,0,100269,2333,1825.0,114.0,809.0,0.0
100269,2021-01-05 07:14:58.840,post,1,0,100269,2333,1825.0,114.0,809.0,0.0
100269,2021-01-05 08:00:58.447,post,1,0,100269,2333,1825.0,114.0,809.0,0.0
100269,2021-01-05 08:38:20.237,comment,1,0,100269,2333,1825.0,114.0,809.0,0.0
100269,2021-01-05 14:43:40.217,comment,1,0,100269,2333,1825.0,114.0,809.0,0.0
100269,2021-01-05 17:23:16.423,comment,1,0,100269,2333,1825.0,114.0,809.0,0.0
100269,2021-01-05 17:30:13.497,post,1,0,100269,2333,1825.0,114.0,809.0,0.0
100269,2021-01-05 17:54:49.683,post,1,0,100269,2333,1825.0,114.0,809.0,0.0
100269,2021-01-05 18:27:15.500,comment,1,0,100269,2333,1825.0,114.0,809.0,0.0
100269,2021-01-06 10:26:53.437,comment,1,0,100269,2333,1825.0,114.0,809.0,0.0
100269,2021-01-06 10:42:52.350,comment,1,0,100269,2333,1825.0,114.0,809.0,0.0
100269,2021-01-06 10:46:31.527,comment,1,1,100269,2333,1825.0,114.0,809.0,0.0
100269,2021-01-07 19:58:42.223,post,1,0,100269,2333,1825.0,114.0,809.0,0.0
100269,2021-01-08 16:11:17.650,comment,1,0,100269,2333,1825.0,114.0,809.0,0.0
100269,2021-01-09 09:41:23.057,comment,1,0,100269,2333,1825.0,114.0,809.0,0.0
100269,2021-01-09 09:43:11.113,comment,1,0,100269,2333,1825.0,114.0,809.0,0.0
100269,2021-01-10 09:28:27.810,comment,1,0,100269,2333,1825.0,114.0,809.0,0.0
100269,2021-01-10 18:34:48.197,comment,1,0,100269,2333,1825.0,114.0,809.0,0.0
100269,2021-01-10 18:37:31.197,comment,1,0,100269,2333,1825.0,114.0,809.0,0.0
100269,2021-01-10 18:47:02.310,comment,1,0,100269,2333,1825.0,114.0,809.0,0.0
100269,2021-01-10 19:10:20.557,comment,1,0,100269,2333,1825.0,114.0,809.0,0.0
100269,2021-01-11 17:54:41.467,comment,1,0,100269,2333,1825.0,114.0,809.0,0.0
100269,2021-01-11 17:58:20.747,comment,1,0,100269,2333,1825.0,114.0,809.0,0.0
100269,2021-01-11 18:00:17.917,comment,1,3,100269,2333,1825.0,114.0,809.0,0.0
100269,2021-01-15 09:20:38.680,comment,1,0,100269,2333,1825.0,114.0,809.0,0.0
100269,2021-01-15 15:37:11.800,comment,1,0,100269,2333,1825.0,114.0,809.0,0.0
100269,2021-01-15 15:49:37.880,comment,1,0,100269,2333,1825.0,114.0,809.0,0.0
100269,2021-01-15 15:54:48.097,comment,1,0,100269,2333,1825.0,114.0,809.0,0.0
100269,2021-01-15 15:59:39.163,comment,1,0,100269,2333,1825.0,114.0,809.0,0.0
100269,2021-01-15 16:09:20.000,comment,1,0,100269,2333,1825.0,114.0,809.0,0.0
100269,2021-01-15 16:12:03.050,comment,1,0,100269,2333,1825.0,114.0,809.0,0.0
100269,2021-01-15 16:17:01.470,comment,1,0,100269,2333,1825.0,114.0,809.0,0.0
100269,2021-01-15 16:21:04.850,comment,1,0,100269,2333,1825.0,114.0,809.0,0.0
100269,2021-01-15 16:39:21.203,post,1,0,100269,2333,1825.0,114.0,809.0,0.0
100269,2021-01-15 16:56:26.733,comment,1,0,100269,2333,1825.0,114.0,809.0,0.0
100269,2021-01-15 17:00:41.723,post,1,0,100269,2333,1825.0,114.0,809.0,0.0
100269,2021-01-15 17:07:46.963,comment,1,0,100269,2333,1825.0,114.0,809.0,0.0
100269,2021-01-15 17:26:09.880,post,1,0,100269,2333,1825.0,114.0,809.0,0.0
100269,2021-01-15 17:29:08.137,comment,1,0,100269,2333,1825.0,114.0,809.0,0.0
100269,2021-01-15 17:53:44.393,comment,1,0,100269,2333,1825.0,114.0,809.0,0.0
100269,2021-01-16 09:14:46.133,comment,1,0,100269,2333,1825.0,114.0,809.0,0.0
100269,2021-01-16 09:44:30.237,comment,1,0,100269,2333,1825.0,114.0,809.0,0.0
100269,2021-01-16 10:45:38.250,comment,1,0,100269,2333,1825.0,114.0,809.0,0.0
100269,2021-01-16 16:44:02.633,post,1,0,100269,2333,1825.0,114.0,809.0,0.0
100269,2021-01-16 17:06:44.840,comment,1,0,100269,2333,1825.0,114.0,809.0,0.0
100269,2021-01-16 17:09:14.460,comment,1,0,100269,2333,1825.0,114.0,809.0,0.0
100269,2021-01-16 17:11:24.043,comment,1,0,100269,2333,1825.0,114.0,809.0,0.0
100269,2021-01-16 17:26:39.437,comment,1,0,100269,2333,1825.0,114.0,809.0,0.0
100269,2021-01-16 17:31:31.887,comment,1,0,100269,2333,1825.0,114.0,809.0,0.0
100269,2021-01-16 18:08:13.077,comment,1,0,100269,2333,1825.0,114.0,809.0,0.0
100269,2021-01-16 18:12:46.633,comment,1,0,100269,2333,1825.0,114.0,809.0,0.0
100269,2021-01-16 18:19:16.323,comment,1,0,100269,2333,1825.0,114.0,809.0,0.0
100269,2021-01-17 08:15:31.233,comment,1,0,100269,2333,1825.0,114.0,809.0,0.0
100269,2021-01-17 08:25:11.347,comment,1,0,100269,2333,1825.0,114.0,809.0,0.0
100269,2021-01-17 08:44:12.977,comment,1,0,100269,2333,1825.0,114.0,809.0,0.0
100269,2021-01-17 16:38:02.707,comment,1,0,100269,2333,1825.0,114.0,809.0,0.0
100269,2021-01-17 17:02:59.300,comment,1,3,100269,2333,1825.0,114.0,809.0,0.0
100269,2021-01-21 15:48:02.470,comment,1,3,100269,2333,1825.0,114.0,809.0,0.0
100269,2021-01-24 16:56:12.577,comment,1,0,100269,2333,1825.0,114.0,809.0,0.0
100269,2021-01-24 16:58:10.417,comment,1,0,100269,2333,1825.0,114.0,809.0,0.0
100269,2021-01-24 17:05:58.727,post,1,0,100269,2333,1825.0,114.0,809.0,0.0
100269,2021-01-24 17:08:27.567,comment,1,0,100269,2333,1825.0,114.0,809.0,0.0
100269,2021-01-24 17:19:17.937,comment,1,0,100269,2333,1825.0,114.0,809.0,0.0
100269,2021-01-24 17:21:05.977,comment,1,0,100269,2333,1825.0,114.0,809.0,0.0
100269,2021-01-24 17:27:40.933,comment,1,0,100269,2333,1825.0,114.0,809.0,0.0
100269,2021-01-24 17:31:37.803,comment,1,0,100269,2333,1825.0,114.0,809.0,0.0
100269,2021-01-24 17:56:48.830,comment,1,0,100269,2333,1825.0,114.0,809.0,0.0
100269,2021-01-25 08:38:09.160,comment,1,0,100269,2333,1825.0,114.0,809.0,0.0
100269,2021-01-25 17:49:20.640,comment,1,0,100269,2333,1825.0,114.0,809.0,0.0
100269,2021-01-25 19:14:58.773,post,1,0,100269,2333,1825.0,114.0,809.0,0.0
100269,2021-01-26 08:41:54.353,comment,1,0,100269,2333,1825.0,114.0,809.0,0.0
100269,2021-01-26 08:43:11.283,comment,1,0,100269,2333,1825.0,114.0,809.0,0.0
100269,2021-01-26 08:45:49.387,comment,1,0,100269,2333,1825.0,114.0,809.0,0.0
100269,2021-01-26 08:53:39.467,comment,1,0,100269,2333,1825.0,114.0,809.0,0.0
100269,2021-01-26 08:56:21.780,comment,1,0,100269,2333,1825.0,114.0,809.0,0.0
100269,2021-01-26 09:12:27.817,comment,1,0,100269,2333,1825.0,114.0,809.0,0.0
100269,2021-01-26 12:22:08.697,comment,1,0,100269,2333,1825.0,114.0,809.0,0.0
100269,2021-01-27 09:32:16.997,comment,1,0,100269,2333,1825.0,114.0,809.0,0.0
100269,2021-01-27 13:00:32.160,comment,1,2,100269,2333,1825.0,114.0,809.0,0.0
100269,2021-01-29 18:06:00.357,comment,1,0,100269,2333,1825.0,114.0,809.0,0.0
100269,2021-01-29 18:10:05.837,comment,1,0,100269,2333,1825.0,114.0,809.0,0.0
100269,2021-01-29 18:12:46.277,comment,1,1,100269,2333,1825.0,114.0,809.0,0.0
100269,2021-01-31 08:32:05.607,comment,1,0,100269,2333,1825.0,114.0,809.0,0.0
100269,2021-01-31 08:38:43.443,comment,1,0,100269,2333,1825.0,114.0,809.0,0.0
100269,2021-01-31 19:42:44.427,comment,1,0,100269,2333,1825.0,114.0,809.0,0.0
100269,2021-02-01 10:15:46.553,comment,1,0,100269,2333,1825.0,114.0,809.0,0.0
100269,2021-02-01 19:16:40.257,comment,1,0,100269,2333,1825.0,114.0,809.0,0.0
100269,2021-02-01 19:45:15.343,comment,1,0,100269,2333,1825.0,114.0,809.0,0.0
100269,2021-02-01 19:53:48.320,comment,1,0,100269,2333,1825.0,114.0,809.0,0.0
100269,2021-02-02 19:06:52.760,comment,1,0,100269,2333,1825.0,114.0,809.0,0.0
100269,2021-02-02 19:09:50.727,comment,1,0,100269,2333,1825.0,114.0,809.0,0.0
100269,2021-02-03 08:15:55.970,comment,1,0,100269,2333,1825.0,114.0,809.0,0.0
100269,2021-02-03 16:24:48.427,comment,1,0,100269,2333,1825.0,114.0,809.0,0.0
100269,2021-02-03 17:50:38.693,comment,1,3,100269,2333,1825.0,114.0,809.0,0.0
100269,2021-02-07 11:33:12.967,comment,1,0,100269,2333,1825.0,114.0,809.0,0.0
100269,2021-02-07 17:11:44.867,post,1,0,100269,2333,1825.0,114.0,809.0,0.0
100269,2021-02-07 17:23:03.360,comment,1,0,100269,2333,1825.0,114.0,809.0,0.0
100269,2021-02-07 17:27:34.427,comment,1,2,100269,2333,1825.0,114.0,809.0,0.0
100269,2021-02-10 16:11:28.000,comment,1,0,100269,2333,1825.0,114.0,809.0,0.0
100269,2021-02-10 16:24:40.517,comment,0,7,100269,2333,1825.0,114.0,809.0,0.0
100269,2021-02-20 17:33:25.797,comment,1,0,100269,2333,1825.0,114.0,809.0,0.0
100269,2021-02-20 18:14:16.847,comment,1,0,100269,2333,1825.0,114.0,809.0,0.0
100269,2021-02-20 18:22:27.180,comment,1,0,100269,2333,1825.0,114.0,809.0,0.0
100269,2021-02-20 18:23:48.630,comment,1,0,100269,2333,1825.0,114.0,809.0,0.0
100269,2021-02-20 18:37:34.007,comment,1,0,100269,2333,1825.0,114.0,809.0,0.0
100269,2021-02-20 18:58:23.377,comment,1,0,100269,2333,1825.0,114.0,809.0,0.0
100269,2021-02-21 18:11:42.423,comment,1,2,100269,2333,1825.0,114.0,809.0,0.0
100269,2021-02-23 19:37:14.627,post,1,0,100269,2333,1825.0,114.0,809.0,0.0
100269,2021-02-23 19:40:19.920,comment,1,0,100269,2333,1825.0,114.0,809.0,0.0
100269,2021-02-23 19:45:37.180,comment,1,0,100269,2333,1825.0,114.0,809.0,0.0
100269,2021-02-23 19:47:33.037,comment,1,0,100269,2333,1825.0,114.0,809.0,0.0
100269,2021-02-23 19:51:35.900,post,1,1,100269,2333,1825.0,114.0,809.0,0.0
100269,2021-02-25 09:50:17.947,comment,1,1,100269,2333,1825.0,114.0,809.0,0.0
100269,2021-02-26 11:07:52.670,comment,1,1,100269,2333,1825.0,114.0,809.0,0.0
100269,2021-02-27 20:16:41.977,comment,1,0,100269,2333,1825.0,114.0,809.0,0.0
100269,2021-02-27 20:23:37.840,comment,1,0,100269,2333,1825.0,114.0,809.0,0.0
100269,2021-02-28 11:43:31.577,comment,1,3,100269,2333,1825.0,114.0,809.0,0.0
100269,2021-03-03 16:56:03.150,comment,1,0,100269,2333,1825.0,114.0,809.0,0.0
100269,2021-03-03 16:57:07.697,comment,1,4,100269,2333,1825.0,114.0,809.0,0.0
100269,2021-03-07 19:37:49.793,comment,1,0,100269,2333,1825.0,114.0,809.0,0.0
100269,2021-03-07 19:47:06.080,comment,1,0,100269,2333,1825.0,114.0,809.0,0.0
100269,2021-03-07 20:05:52.013,post,1,1,100269,2333,1825.0,114.0,809.0,0.0
100269,2021-03-09 19:14:52.640,post,1,2,100269,2333,1825.0,114.0,809.0,0.0
100269,2021-03-11 20:23:42.037,comment,1,0,100269,2333,1825.0,114.0,809.0,0.0
100269,2021-03-11 20:31:50.610,post,1,0,100269,2333,1825.0,114.0,809.0,0.0
100269,2021-03-12 14:15:31.310,comment,1,1,100269,2333,1825.0,114.0,809.0,0.0
100269,2021-03-13 16:24:50.043,comment,1,0,100269,2333,1825.0,114.0,809.0,0.0
100269,2021-03-13 17:09:21.700,comment,1,0,100269,2333,1825.0,114.0,809.0,0.0
100269,2021-03-13 17:17:17.493,comment,1,0,100269,2333,1825.0,114.0,809.0,0.0
100269,2021-03-13 20:36:44.477,comment,1,0,100269,2333,1825.0,114.0,809.0,0.0
100269,2021-03-14 18:13:54.113,comment,1,5,100269,2333,1825.0,114.0,809.0,0.0
100269,2021-03-20 08:35:14.460,comment,1,0,100269,2333,1825.0,114.0,809.0,0.0
100269,2021-03-20 19:21:26.167,comment,1,0,100269,2333,1825.0,114.0,809.0,0.0
100269,2021-03-20 19:26:40.697,comment,1,0,100269,2333,1825.0,114.0,809.0,0.0
100269,2021-03-20 19:30:14.263,comment,1,0,100269,2333,1825.0,114.0,809.0,0.0
100269,2021-03-20 19:35:40.770,comment,1,0,100269,2333,1825.0,114.0,809.0,0.0
100269,2021-03-20 19:37:10.943,comment,1,0,100269,2333,1825.0,114.0,809.0,0.0
100269,2021-03-21 10:29:03.510,comment,1,0,100269,2333,1825.0,114.0,809.0,0.0
100269,2021-03-21 10:31:21.763,comment,1,0,100269,2333,1825.0,114.0,809.0,0.0
100269,2021-03-21 10:35:23.420,post,1,0,100269,2333,1825.0,114.0,809.0,0.0
100269,2021-03-21 10:38:50.913,post,1,0,100269,2333,1825.0,114.0,809.0,0.0
100269,2021-03-21 10:54:29.960,comment,1,0,100269,2333,1825.0,114.0,809.0,0.0
100269,2021-03-21 11:12:30.290,comment,1,0,100269,2333,1825.0,114.0,809.0,0.0
100269,2021-03-21 11:48:14.747,comment,1,0,100269,2333,1825.0,114.0,809.0,0.0
100269,2021-03-21 12:08:46.443,comment,1,0,100269,2333,1825.0,114.0,809.0,0.0
100269,2021-03-21 13:07:37.900,comment,1,1,100269,2333,1825.0,114.0,809.0,0.0
100269,2021-03-22 16:53:22.537,comment,1,0,100269,2333,1825.0,114.0,809.0,0.0
100269,2021-03-22 17:02:46.347,comment,1,0,100269,2333,1825.0,114.0,809.0,0.0
100269,2021-03-22 17:35:45.253,post,1,0,100269,2333,1825.0,114.0,809.0,0.0
100269,2021-03-22 18:35:58.037,comment,1,0,100269,2333,1825.0,114.0,809.0,0.0
100269,2021-03-22 18:38:08.227,comment,1,0,100269,2333,1825.0,114.0,809.0,0.0
100269,2021-03-23 08:53:41.970,comment,1,1,100269,2333,1825.0,114.0,809.0,0.0
100269,2021-03-24 09:04:50.777,comment,1,1,100269,2333,1825.0,114.0,809.0,0.0
100269,2021-03-25 10:02:16.723,comment,1,0,100269,2333,1825.0,114.0,809.0,0.0
100269,2021-03-25 10:08:46.540,comment,1,0,100269,2333,1825.0,114.0,809.0,0.0
100269,2021-03-25 10:09:46.430,comment,1,1,100269,2333,1825.0,114.0,809.0,0.0
100269,2021-03-26 17:20:20.580,comment,1,0,100269,2333,1825.0,114.0,809.0,0.0
100269,2021-03-26 17:24:30.097,comment,1,0,100269,2333,1825.0,114.0,809.0,0.0
100269,2021-03-26 17:26:57.243,comment,1,0,100269,2333,1825.0,114.0,809.0,0.0
100269,2021-03-26 17:31:31.253,comment,1,0,100269,2333,1825.0,114.0,809.0,0.0
100269,2021-03-26 17:37:25.663,comment,1,0,100269,2333,1825.0,114.0,809.0,0.0
100269,2021-03-26 19:45:27.367,comment,1,1,100269,2333,1825.0,114.0,809.0,0.0
100269,2021-03-28 12:41:28.627,post,1,0,100269,2333,1825.0,114.0,809.0,0.0
100269,2021-03-28 13:18:12.317,comment,1,0,100269,2333,1825.0,114.0,809.0,0.0
100269,2021-03-28 13:21:54.757,comment,1,0,100269,2333,1825.0,114.0,809.0,0.0
100269,2021-03-28 17:12:50.417,comment,1,0,100269,2333,1825.0,114.0,809.0,0.0
100269,2021-03-28 17:25:40.457,post,1,0,100269,2333,1825.0,114.0,809.0,0.0
100269,2021-03-28 17:32:05.087,comment,1,0,100269,2333,1825.0,114.0,809.0,0.0
100269,2021-03-28 17:39:57.453,comment,1,0,100269,2333,1825.0,114.0,809.0,0.0
100269,2021-03-28 18:08:43.803,post,1,0,100269,2333,1825.0,114.0,809.0,0.0
100269,2021-03-28 18:20:52.113,comment,1,0,100269,2333,1825.0,114.0,809.0,0.0
100269,2021-03-28 18:25:01.233,comment,1,0,100269,2333,1825.0,114.0,809.0,0.0
100269,2021-03-28 18:28:14.577,comment,1,0,100269,2333,1825.0,114.0,809.0,0.0
100269,2021-03-28 18:29:32.050,comment,1,0,100269,2333,1825.0,114.0,809.0,0.0
100269,2021-03-28 19:08:05.450,comment,1,0,100269,2333,1825.0,114.0,809.0,0.0
100269,2021-03-28 19:11:40.637,comment,1,0,100269,2333,1825.0,114.0,809.0,0.0
100269,2021-03-28 19:14:20.870,comment,1,0,100269,2333,1825.0,114.0,809.0,0.0
100269,2021-03-29 07:49:54.700,comment,1,0,100269,2333,1825.0,114.0,809.0,0.0
100269,2021-03-29 08:18:02.223,post,1,0,100269,2333,1825.0,114.0,809.0,0.0
100269,2021-03-29 08:29:41.570,comment,1,0,100269,2333,1825.0,114.0,809.0,0.0
100269,2021-03-29 08:45:42.707,comment,1,0,100269,2333,1825.0,114.0,809.0,0.0
100269,2021-03-29 16:51:55.953,comment,1,0,100269,2333,1825.0,114.0,809.0,0.0
100269,2021-03-29 16:57:23.413,comment,1,0,100269,2333,1825.0,114.0,809.0,0.0
100269,2021-03-29 16:59:00.420,comment,1,0,100269,2333,1825.0,114.0,809.0,0.0
100269,2021-03-29 17:48:15.077,comment,1,0,100269,2333,1825.0,114.0,809.0,0.0
100269,2021-03-30 17:25:51.563,comment,1,0,100269,2333,1825.0,114.0,809.0,0.0
100269,2021-03-30 17:28:02.863,comment,1,0,100269,2333,1825.0,114.0,809.0,0.0
100269,2021-03-30 17:35:12.267,comment,1,0,100269,2333,1825.0,114.0,809.0,0.0
100269,2021-03-30 17:37:05.487,comment,1,0,100269,2333,1825.0,114.0,809.0,0.0
100269,2021-03-30 17:39:09.107,comment,1,0,100269,2333,1825.0,114.0,809.0,0.0
100269,2021-03-30 17:40:58.520,comment,1,0,100269,2333,1825.0,114.0,809.0,0.0
100269,2021-03-31 13:41:36.313,comment,1,0,100269,2333,1825.0,114.0,809.0,0.0
100269,2021-03-31 17:23:57.460,comment,1,1,100269,2333,1825.0,114.0,809.0,0.0
100269,2021-04-01 18:45:08.680,post,1,0,100269,2333,1825.0,114.0,809.0,0.0
100269,2021-04-01 18:46:49.660,comment,1,0,100269,2333,1825.0,114.0,809.0,0.0
100269,2021-04-01 18:49:13.903,comment,1,0,100269,2333,1825.0,114.0,809.0,0.0
100269,2021-04-01 18:52:34.873,comment,1,0,100269,2333,1825.0,114.0,809.0,0.0
100269,2021-04-01 18:56:28.360,comment,1,1,100269,2333,1825.0,114.0,809.0,0.0
100269,2021-04-03 18:01:35.373,comment,1,2,100269,2333,1825.0,114.0,809.0,0.0
100269,2021-04-06 15:35:34.540,comment,1,4,100269,2333,1825.0,114.0,809.0,0.0
100269,2021-04-10 16:16:08.390,comment,1,0,100269,2333,1825.0,114.0,809.0,0.0
100269,2021-04-10 16:21:53.997,post,1,0,100269,2333,1825.0,114.0,809.0,0.0
100269,2021-04-10 16:35:41.630,post,1,0,100269,2333,1825.0,114.0,809.0,0.0
100269,2021-04-11 09:35:56.490,comment,1,0,100269,2333,1825.0,114.0,809.0,0.0
100269,2021-04-11 18:17:46.303,comment,1,5,100269,2333,1825.0,114.0,809.0,0.0
100269,2021-04-17 08:29:23.443,comment,1,0,100269,2333,1825.0,114.0,809.0,0.0
100269,2021-04-17 18:40:48.007,comment,1,0,100269,2333,1825.0,114.0,809.0,0.0
100269,2021-04-18 09:23:37.387,post,1,1,100269,2333,1825.0,114.0,809.0,0.0
100269,2021-04-19 15:18:04.387,post,1,0,100269,2333,1825.0,114.0,809.0,0.0
100269,2021-04-19 15:24:00.520,comment,1,0,100269,2333,1825.0,114.0,809.0,0.0
100269,2021-04-19 16:12:33.497,comment,1,0,100269,2333,1825.0,114.0,809.0,0.0
100269,2021-04-20 07:15:41.060,comment,1,0,100269,2333,1825.0,114.0,809.0,0.0
100269,2021-04-20 15:57:43.857,comment,1,0,100269,2333,1825.0,114.0,809.0,0.0
100269,2021-04-20 16:06:39.987,post,1,0,100269,2333,1825.0,114.0,809.0,0.0
100269,2021-04-20 16:12:56.083,comment,1,0,100269,2333,1825.0,114.0,809.0,0.0
100269,2021-04-20 16:17:13.447,comment,1,0,100269,2333,1825.0,114.0,809.0,0.0
100269,2021-04-20 16:34:59.210,comment,1,0,100269,2333,1825.0,114.0,809.0,0.0
100269,2021-04-20 17:10:26.257,comment,1,0,100269,2333,1825.0,114.0,809.0,0.0
100269,2021-04-20 17:13:53.110,comment,1,0,100269,2333,1825.0,114.0,809.0,0.0
100269,2021-04-20 17:21:32.533,comment,1,0,100269,2333,1825.0,114.0,809.0,0.0
100269,2021-04-20 17:22:47.100,comment,1,0,100269,2333,1825.0,114.0,809.0,0.0
100269,2021-04-20 17:27:04.423,comment,1,0,100269,2333,1825.0,114.0,809.0,0.0
100269,2021-04-20 17:37:02.037,comment,1,0,100269,2333,1825.0,114.0,809.0,0.0
100269,2021-04-20 18:01:43.937,comment,1,0,100269,2333,1825.0,114.0,809.0,0.0
100269,2021-04-20 18:18:41.787,comment,1,0,100269,2333,1825.0,114.0,809.0,0.0
100269,2021-04-20 18:56:08.450,comment,1,0,100269,2333,1825.0,114.0,809.0,0.0
100269,2021-04-20 20:16:00.170,comment,1,0,100269,2333,1825.0,114.0,809.0,0.0
100269,2021-04-21 15:11:27.850,comment,1,0,100269,2333,1825.0,114.0,809.0,0.0
100269,2021-04-21 15:15:07.823,comment,1,4,100269,2333,1825.0,114.0,809.0,0.0
100269,2021-04-25 16:32:56.073,comment,1,0,100269,2333,1825.0,114.0,809.0,0.0
100269,2021-04-25 19:43:54.920,comment,1,0,100269,2333,1825.0,114.0,809.0,0.0
100269,2021-04-26 18:38:31.037,comment,1,0,100269,2333,1825.0,114.0,809.0,0.0
100269,2021-04-27 09:46:24.543,comment,1,0,100269,2333,1825.0,114.0,809.0,0.0
100269,2021-04-27 18:09:52.923,comment,1,0,100269,2333,1825.0,114.0,809.0,0.0
100269,2021-04-28 14:16:58.347,comment,1,0,100269,2333,1825.0,114.0,809.0,0.0
100269,2021-04-28 14:26:29.303,comment,1,0,100269,2333,1825.0,114.0,809.0,0.0
100269,2021-04-28 15:00:07.030,comment,1,0,100269,2333,1825.0,114.0,809.0,0.0
100269,2021-04-28 16:19:13.450,comment,1,0,100269,2333,1825.0,114.0,809.0,0.0
100269,2021-04-29 16:04:12.907,post,1,0,100269,2333,1825.0,114.0,809.0,0.0
100269,2021-04-29 17:16:50.990,comment,1,0,100269,2333,1825.0,114.0,809.0,0.0
100269,2021-04-29 17:18:17.367,comment,1,0,100269,2333,1825.0,114.0,809.0,0.0
100269,2021-04-29 18:11:56.227,comment,1,0,100269,2333,1825.0,114.0,809.0,0.0
100269,2021-04-29 20:45:45.127,comment,1,0,100269,2333,1825.0,114.0,809.0,0.0
100269,2021-04-30 10:26:32.580,comment,1,0,100269,2333,1825.0,114.0,809.0,0.0
100269,2021-04-30 15:00:38.323,comment,1,1,100269,2333,1825.0,114.0,809.0,0.0
100269,2021-05-02 07:08:31.540,comment,1,0,100269,2333,1825.0,114.0,809.0,0.0
100269,2021-05-02 07:19:28.523,comment,1,0,100269,2333,1825.0,114.0,809.0,0.0
100269,2021-05-02 07:25:39.143,comment,1,0,100269,2333,1825.0,114.0,809.0,0.0
100269,2021-05-02 07:30:11.277,comment,1,1,100269,2333,1825.0,114.0,809.0,0.0
100269,2021-05-03 09:33:14.440,comment,1,0,100269,2333,1825.0,114.0,809.0,0.0
100269,2021-05-03 09:37:24.530,comment,1,0,100269,2333,1825.0,114.0,809.0,0.0
100269,2021-05-03 18:33:39.247,comment,1,0,100269,2333,1825.0,114.0,809.0,0.0
100269,2021-05-03 18:59:17.537,post,1,0,100269,2333,1825.0,114.0,809.0,0.0
100269,2021-05-04 15:19:35.157,comment,1,0,100269,2333,1825.0,114.0,809.0,0.0
100269,2021-05-04 15:28:22.890,comment,1,0,100269,2333,1825.0,114.0,809.0,0.0
100269,2021-05-04 15:31:51.943,comment,1,0,100269,2333,1825.0,114.0,809.0,0.0
100269,2021-05-04 15:55:08.690,comment,1,0,100269,2333,1825.0,114.0,809.0,0.0
100269,2021-05-04 16:01:14.950,comment,1,0,100269,2333,1825.0,114.0,809.0,0.0
100269,2021-05-04 16:06:16.540,comment,1,0,100269,2333,1825.0,114.0,809.0,0.0
100269,2021-05-04 16:42:52.493,comment,1,0,100269,2333,1825.0,114.0,809.0,0.0
100269,2021-05-05 14:08:01.380,comment,1,0,100269,2333,1825.0,114.0,809.0,0.0
100269,2021-05-05 15:04:17.243,comment,1,0,100269,2333,1825.0,114.0,809.0,0.0
100269,2021-05-05 16:21:18.527,comment,1,0,100269,2333,1825.0,114.0,809.0,0.0
100269,2021-05-05 16:48:34.320,comment,1,0,100269,2333,1825.0,114.0,809.0,0.0
100269,2021-05-05 16:52:04.220,post,1,0,100269,2333,1825.0,114.0,809.0,0.0
100269,2021-05-05 17:19:16.640,comment,1,0,100269,2333,1825.0,114.0,809.0,0.0
100269,2021-05-05 17:23:50.123,comment,1,0,100269,2333,1825.0,114.0,809.0,0.0
100269,2021-05-05 17:54:52.467,comment,1,0,100269,2333,1825.0,114.0,809.0,0.0
100269,2021-05-05 18:18:00.367,comment,1,0,100269,2333,1825.0,114.0,809.0,0.0
100269,2021-05-05 19:10:22.803,comment,1,0,100269,2333,1825.0,114.0,809.0,0.0
100269,2021-05-05 19:15:34.437,post,1,0,100269,2333,1825.0,114.0,809.0,0.0
100269,2021-05-05 19:32:42.723,comment,1,0,100269,2333,1825.0,114.0,809.0,0.0
100269,2021-05-05 19:34:31.307,comment,1,0,100269,2333,1825.0,114.0,809.0,0.0
100269,2021-05-05 19:56:14.623,comment,1,0,100269,2333,1825.0,114.0,809.0,0.0
100269,2021-05-05 19:57:30.960,comment,1,0,100269,2333,1825.0,114.0,809.0,0.0
100269,2021-05-06 15:21:19.247,comment,1,0,100269,2333,1825.0,114.0,809.0,0.0
100269,2021-05-06 15:32:38.797,post,1,0,100269,2333,1825.0,114.0,809.0,0.0
100269,2021-05-06 15:47:34.193,comment,1,0,100269,2333,1825.0,114.0,809.0,0.0
100269,2021-05-06 15:49:06.783,comment,1,0,100269,2333,1825.0,114.0,809.0,0.0
